priority_score,tax_delinquent,occupancy,property_address,unit,property_type,owner_name,owner_type,mailing_address,mailing_city,mailing_state,mailing_zip,foreign_address_hint,estate_or_heirs,life_estate,trust,corporate,care_of_mailing,et_al_multiple_owners,owner_next_door,likely_inherited,last_sale_date,last_sale_price,last_sale_type,years_since_last_sale,deed_book,deed_page,assessed_total,assessed_land,assessed_building,year_built,style,units,living_area_sqft,lot_size_sqft,zoning,parcel_id,use_code,use_description,tax_delinquent_detail,tax_delinquent_source,lat,lon,map_link,loc_id,data_vintage
8,,absentee - out of state (PO Box),43 PRENTISS LN,,Single family,COMERICA BANK TR & TRUST NA,LLC / corporate,"PO BOX 460169, DEPT 651",HOUSTON,TX,77056,,,,YES,YES,,,,,1995-09-08,0,nominal / non-arms-length transfer,31,1146,3,3046000,1280000,1763000,1966,Garrison,1,3858,16390,8,54-4,101,Single Family Residential,,,42.404592,-71.179947,"https://maps.google.com/?q=42.404592,-71.179947",F_742608_2972624,CY24_FY24
7,,absentee - elsewhere in MA (PO Box),11-17 CRESCENT RD,,Apartments (4-8 units),RPZ REALTY LAND TRUST LLC TRS,LLC / corporate,PO BOX 35309,BRIGHTON,MA,02135,,,,YES,YES,,,,,1994-10-17,1,nominal / non-arms-length transfer,32,24927,388,1696000,1080000,616000,1960,Colonial,4,3584,9553,7,10-127,111,Apartments with Four to Eight Units,,,42.379741,-71.158783,"https://maps.google.com/?q=42.379741,-71.158783",F_748356_2963591,CY24_FY24
6,,absentee - out of state (PO Box),1 B ST UNIT 1,1,Condominium,STREELA PARTNERS LLC,LLC / corporate,PO BOX 910980,SAN DIEGO,CA,92191,,,,,YES,,,,,2020-09-15,1,nominal / non-arms-length transfer,6,75620,494,1306000,0,1306000,2007,Condo,1,1902,,7,29-63-1,102,Residential Condominium,,,42.388653,-71.186438,"https://maps.google.com/?q=42.388653,-71.186438",F_740880_2966808,CY24_FY24
6,,absentee - elsewhere in MA,10-12 CHANDLER ST,,Two-family,12TH ST LLC,LLC / corporate,40 FAYETTE ST,ARLINGTON,MA,02476,,,,,YES,,,,,1992-09-02,1,nominal / non-arms-length transfer,34,22361,204,1201000,780000,413000,1928,Old Style,2,2584,4965,7,28-55,104,Two-Family Residential,,,42.384979,-71.19063,"https://maps.google.com/?q=42.384979,-71.19063",F_739747_2965468,CY24_FY24
6,,absentee - out of state,11-13 LESLIE RD,,Two-family,11-13 LESLIE LLC,LLC / corporate,145 WESTERN POINT RD,YORK,ME,03909,,,,,YES,,,,,2007-10-29,10,nominal / non-arms-length transfer,19,50280,319,942000,773000,169000,1929,Old Style,2,2424,4800,7,26-94,104,Two-Family Residential,,,42.388245,-71.180441,"https://maps.google.com/?q=42.388245,-71.180441",F_742496_2966671,CY24_FY24
6,,absentee - elsewhere in MA,124-126 LEWIS RD,,Two-family,PAYSON PARK RENTAL LLC,LLC / corporate,118 WOODCLIFF RD,CHESTNUT HILL,MA,02467,,,,,YES,,,,,1991-09-27,1,nominal / non-arms-length transfer,35,21440,560,1331000,949000,374000,1924,Old Style,2,2460,5687,7,3-68,104,Two-Family Residential,,,42.380721,-71.16444,"https://maps.google.com/?q=42.380721,-71.16444",F_746827_2963943,CY24_FY24
6,,absentee - elsewhere in MA,140-142 SLADE ST,,Two-family,BAHL REALTY LLC,LLC / corporate,98 CYPRESS ST,WATERTOWN,MA,02472,,,,,YES,,,,,1992-05-06,1,nominal / non-arms-length transfer,34,22012,169,1136000,802000,334000,1925,Old Style,2,2150,5541,7,26-107,104,Two-Family Residential,,,42.38752,-71.179332,"https://maps.google.com/?q=42.38752,-71.179332",F_742795_2966404,CY24_FY24
6,,absentee - elsewhere in MA,17-19 JONATHAN ST,,Two-family,BLOUKE LLC,LLC / corporate,23 VIRGINIA RD,NATICK,MA,01760,,,,,YES,,,,,1992-03-25,1,nominal / non-arms-length transfer,34,1092,166,1107000,762000,338000,1920,Old Style,2,2396,4517,7,15-139,104,Two-Family Residential,,,42.381107,-71.18544,"https://maps.google.com/?q=42.381107,-71.18544",F_741153_2964061,CY24_FY24
6,,absentee - elsewhere in MA,194-196 TRAPELO RD,,Two-family,DUNGAN REALTY TRUST EDITH B DUNGAN TR,LLC / corporate,138 SCHOOL ST,CHELMSFORD,MA,01824,,,,YES,YES,,,,,2019-10-25,1,nominal / non-arms-length transfer,7,73524,453,1014000,695000,312000,1925,Old Style,2,2484,6002,7,12-176,104,Two-Family Residential,,,42.381565,-71.178499,"https://maps.google.com/?q=42.381565,-71.178499",F_743030_2964236,CY24_FY24
6,,absentee - elsewhere in MA,24-26 WARWICK RD,,Two-family,ALC WARWICK ROAD REALTY TRUST,LLC / corporate,293 COMMONWEALTH AVE,BOSTON,MA,02115,,,,YES,YES,,,,,2008-07-16,1,nominal / non-arms-length transfer,18,51440,387,1445000,824000,613000,1920,Old Style,2,3453,4912,7,6-97,104,Two-Family Residential,,,42.384249,-71.174234,"https://maps.google.com/?q=42.384249,-71.174234",F_744178_2965218,CY24_FY24
6,,absentee - out of state,29-31 LEWIS RD,,Two-family,MCGRATH & OBRIEN LLC,LLC / corporate,50 SCENIC DRIVE UNIT C1,GILFORD,NH,03249,,,,,YES,,,,,1997-11-14,1,nominal / non-arms-length transfer,29,27870,355,1339000,940000,386000,1923,Colonial,2,2912,5479,7,3-40,104,Two-Family Residential,,,42.377942,-71.164062,"https://maps.google.com/?q=42.377942,-71.164062",F_746935_2962930,CY24_FY24
6,,absentee - out of state,375 ACORN PARK DR,,Apartments (8+ units),AZURE HGI BELMONT LP ETAL,LLC / corporate,999 WATERSIDE DR SUITE 2300,NORFOLK,VA,23510,,,,,YES,,YES,,YES,1988-05-10,244100,market sale,38,1043,130,97069700,19746000,77271700,,,,,561924,7,40-1,112,Apartments with More than Eight Units,,,42.399394,-71.154937,"https://maps.google.com/?q=42.399394,-71.154937",F_749524_2970719,CY24_FY24
6,,absentee - elsewhere in MA (PO Box),48 FAIRVIEW AVE,,Two-family,RPZ REALTY LAND TRUST LLC TRS,LLC / corporate,PO BOX 35309,BRIGHTON,MA,02135,,,,YES,YES,,,,,2013-11-04,10,nominal / non-arms-length transfer,13,62880,251,1408000,1023000,377000,1924,Old Style,2,2224,5250,7,1-118,104,Two-Family Residential,,,42.378965,-71.158263,"https://maps.google.com/?q=42.378965,-71.158263",F_748501_2963309,CY24_FY24
6,,absentee - elsewhere in MA,49 MARION RD,,Three-family,DEFABRITIIS FAMILY LLC,LLC / corporate,127 WHITMAN RD,WALTHAM,MA,02453,,,,,YES,,,,,1994-11-17,1,nominal / non-arms-length transfer,32,24999,541,1456000,931000,525000,1910,Old Style,3,3680,3600,7,1-88,105,Three-Family Residential,,,42.377534,-71.158353,"https://maps.google.com/?q=42.377534,-71.158353",F_748479_2962787,CY24_FY24
6,,absentee - elsewhere in MA,5-7 COLBY ST,,Two-family,MYZ REALTY GROUP LLC,LLC / corporate,290 TURNPIKE ST SUITE 150-402,WESTBOROUGH,MA,01581,,,,,YES,,,,,1995-11-29,1,nominal / non-arms-length transfer,31,25853,359,1015000,720000,295000,1927,Old Style,2,2112,4593,7,22-163,104,Two-Family Residential,,,42.392078,-71.158177,"https://maps.google.com/?q=42.392078,-71.158177",F_748503_2968088,CY24_FY24
6,,absentee - elsewhere in MA,50-52 HULL ST,,Two-family,50-52 HULL STREET LLC,LLC / corporate,5 WRIGHT ST,LEXINGTON,MA,02420,,,,,YES,,,,,1992-09-24,1,nominal / non-arms-length transfer,34,22424,471,1164000,729000,421000,1912,Old Style,2,2146,3780,7,14-155,104,Two-Family Residential,,,42.384631,-71.184375,"https://maps.google.com/?q=42.384631,-71.184375",F_741438_2965347,CY24_FY24
6,,absentee - elsewhere in MA (PO Box),52-54 FOSTER RD,,Two-family,MZ REALTY LAND TRUST LLC TRS,LLC / corporate,PO BOX 35309,BRIGHTON,MA,02135,,,,YES,YES,,,,,2013-11-04,10,nominal / non-arms-length transfer,13,62880,392,1356000,928000,420000,1925,Old Style,2,2662,5192,7,10-110,104,Two-Family Residential,,,42.380065,-71.159573,"https://maps.google.com/?q=42.380065,-71.159573",F_748142_2963709,CY24_FY24
6,,absentee - out of state,59-61 GILBERT RD,,Two-family,GILBERT ROAD LLC,LLC / corporate,2010 S LAROSA DR,TEMPE,AZ,85282,,,,,YES,,,,,2000-11-29,1,nominal / non-arms-length transfer,26,32072,577,1108000,779000,329000,1924,Old Style,2,2422,4931,7,12-67,104,Two-Family Residential,,,42.384195,-71.178921,"https://maps.google.com/?q=42.384195,-71.178921",F_742911_2965193,CY24_FY24
6,,absentee - elsewhere in MA,65 MARLBORO ST,,Three-family,65 MARLBORO LLC,LLC / corporate,160 TOWER RD,LINCOLN,MA,01773,,,,,YES,,,,,1996-09-19,1,nominal / non-arms-length transfer,30,26681,2,1505000,1011000,485000,1900,Old Style,3,3216,5000,7,1-174,105,Three-Family Residential,,,42.378225,-71.156034,"https://maps.google.com/?q=42.378225,-71.156034",F_749105_2963042,CY24_FY24
6,,absentee - out of state,673 BELMONT ST,,Two-family,ELTHAM REALTY LLC,LLC / corporate,2010 S LAROSA DR,TEMPE,AZ,85282,,,,,YES,,,,,2000-11-29,1,nominal / non-arms-length transfer,26,32072,582,1041000,674000,359000,1924,Old Style,2,2614,5318,7,13-29,104,Two-Family Residential,,,42.380405,-71.180479,"https://maps.google.com/?q=42.380405,-71.180479",F_742496_2963811,CY24_FY24
6,,absentee - out of state,69 MARLBORO ST,,Three-family,CORAL 69 MARLBORO LLC,LLC / corporate,228 PARK AVE S PMB 35567,NEW YORK,NY,10003,,,,,YES,,,,,2000-09-27,1,nominal / non-arms-length transfer,26,1227,178,1152000,1011000,132000,1900,Old Style,3,3840,5000,7,1-173,105,Three-Family Residential,,,42.378356,-71.155971,"https://maps.google.com/?q=42.378356,-71.155971",F_749121_2963090,CY24_FY24
6,,absentee - out of state (PO Box),76-78 LEWIS RD,,Two-family,560 SECOND STREET LLC,LLC / corporate,PO BOX 5525,WEST LEBANON,NH,03784,LEBANON,,,,YES,,,,,2003-11-20,1,nominal / non-arms-length transfer,23,41467,539,1422000,840000,582000,1923,Old Style,2,3137,5308,7,3-59,104,Two-Family Residential,,,42.379399,-71.164554,"https://maps.google.com/?q=42.379399,-71.164554",F_746801_2963461,CY24_FY24
5,,absentee - elsewhere in MA,104 FLETCHER RD,,Single family,104 FLETCHER ROAD LLC,LLC / corporate,60 STATE ST SUITE 910,BOSTON,MA,02109,,,,,YES,,,,,2014-05-21,1,nominal / non-arms-length transfer,12,1453,20,4044000,1378000,2661000,1932,Colonial,1,4818,21976,8,55-29,101,Single Family Residential,,,42.403034,-71.180535,"https://maps.google.com/?q=42.403034,-71.180535",F_742447_2972053,CY24_FY24
5,,absentee - elsewhere in MA,105-107 SYCAMORE ST,,Three-family,CUNARD 2000 LLC,LLC / corporate,175 CALIFORNIA ST,NEWTON,MA,02458,,,,,YES,,,,,2021-09-01,1,nominal / non-arms-length transfer,5,78602,352,1119000,781000,337000,1890,Old Style,3,3460,5000,7,28-112,105,Three-Family Residential,,,42.385836,-71.191873,"https://maps.google.com/?q=42.385836,-71.191873",F_739411_2965778,CY24_FY24
5,,absentee - out of state (PO Box),11 HAWTHORNE ST UNIT 11,11,Condominium,J & S HAWTHORNE LLC,LLC / corporate,PO BOX 661382,ARCADIA,CA,91006,,,,,YES,,,,,1978-09-26,89000,market sale,48,13548,190,604000,0,604000,1978,Condo,1,1392,,7,27-49-11,102,Residential Condominium,,,42.386648,-71.185836,"https://maps.google.com/?q=42.386648,-71.185836",F_741042_2966078,CY24_FY24
5,,absentee - elsewhere in MA,11-13 BRIGHT RD,,Two-family,GARCO LLC,LLC / corporate,120 LORING AVE,WINCHESTER,MA,01890,,,,,YES,,,,,2012-02-14,1,nominal / non-arms-length transfer,14,58481,565,1170000,776000,386000,1938,Old Style,2,2714,4860,7,21-71,104,Two-Family Residential,,,42.391179,-71.16115,"https://maps.google.com/?q=42.391179,-71.16115",F_747699_2967757,CY24_FY24
5,,absentee - owner elsewhere in Belmont,12-20 CHURCH ST,,"Mixed use, mostly residential",CORBETT REALTY LLC,LLC / corporate,114 ALEXANDER AVE,BELMONT,MA,02478,,,,,YES,,,,,1992-11-27,1,nominal / non-arms-length transfer,34,22662,117,2541000,826000,1715000,1910,Res/Comm,3,12297,6251,4,28-134,013,"Mixed Use (Primarily Residential, some Commercial)",,,42.387217,-71.189976,"https://maps.google.com/?q=42.387217,-71.189976",F_739920_2966289,CY24_FY24
5,,absentee - elsewhere in MA,125 TRAPELO RD UNIT 1,1,Condominium,125 TRAPELO LLC,LLC / corporate,74 CLARENDON ST STE A,BOSTON,MA,02116,,,,,YES,,,,,2008-10-07,1,nominal / non-arms-length transfer,18,106,1,338000,0,338000,1963,Condo,1,748,,4,12-131-1,102,Residential Condominium,,,42.381311,-71.175665,"https://maps.google.com/?q=42.381311,-71.175665",F_743795_2964145,CY24_FY24
5,,absentee - elsewhere in MA,125 TRAPELO RD UNIT 12A,12A,Condominium,125 TRAPELO LLC,LLC / corporate,74 CLARENDON ST STE A,BOSTON,MA,02116,,,,,YES,,,,,2008-10-07,1,nominal / non-arms-length transfer,18,106,1,305000,0,305000,1963,Condo,1,527,,4,12-131-12A,102,Residential Condominium,,,42.381311,-71.175665,"https://maps.google.com/?q=42.381311,-71.175665",F_743795_2964145,CY24_FY24
5,,absentee - elsewhere in MA,125 TRAPELO RD UNIT 14,14,Condominium,125 TRAPELO LLC,LLC / corporate,74 CLARENDON ST STE A,BOSTON,MA,02116,,,,,YES,,,,,2008-10-07,1,nominal / non-arms-length transfer,18,106,1,263000,0,263000,1963,Condo,1,527,,4,12-131-14,102,Residential Condominium,,,42.381311,-71.175665,"https://maps.google.com/?q=42.381311,-71.175665",F_743795_2964145,CY24_FY24
5,,absentee - elsewhere in MA,125 TRAPELO RD UNIT 16,16,Condominium,125 TRAPELO LLC,LLC / corporate,74 CLARENDON ST STE A,BOSTON,MA,02116,,,,,YES,,,,,2008-10-07,1,nominal / non-arms-length transfer,18,106,1,302000,0,302000,1963,Condo,1,527,,4,12-131-16,102,Residential Condominium,,,42.381311,-71.175665,"https://maps.google.com/?q=42.381311,-71.175665",F_743795_2964145,CY24_FY24
5,,absentee - elsewhere in MA,125 TRAPELO RD UNIT 17,17,Condominium,125 TRAPELO LLC,LLC / corporate,74 CLARENDON ST STE A,BOSTON,MA,02116,,,,,YES,,,,,2008-10-07,1,nominal / non-arms-length transfer,18,106,1,359000,0,359000,1963,Condo,1,748,,4,12-131-17,102,Residential Condominium,,,42.381311,-71.175665,"https://maps.google.com/?q=42.381311,-71.175665",F_743795_2964145,CY24_FY24
5,,absentee - elsewhere in MA,125 TRAPELO RD UNIT 18,18,Condominium,125 TRAPELO LLC,LLC / corporate,74 CLARENDON ST STE A,BOSTON,MA,02116,,,,,YES,,,,,2008-10-07,1,nominal / non-arms-length transfer,18,106,1,326000,0,326000,1963,Condo,1,748,,4,12-131-18,102,Residential Condominium,,,42.381311,-71.175665,"https://maps.google.com/?q=42.381311,-71.175665",F_743795_2964145,CY24_FY24
5,,absentee - elsewhere in MA,125 TRAPELO RD UNIT 19,19,Condominium,125 TRAPELO LLC,LLC / corporate,74 CLARENDON ST STE A,BOSTON,MA,02116,,,,,YES,,,,,2008-10-07,1,nominal / non-arms-length transfer,18,106,1,264000,0,264000,1963,Condo,1,527,,4,12-131-19,102,Residential Condominium,,,42.381311,-71.175665,"https://maps.google.com/?q=42.381311,-71.175665",F_743795_2964145,CY24_FY24
5,,absentee - elsewhere in MA,125 TRAPELO RD UNIT 1A,1A,Condominium,125 TRAPELO LLC,LLC / corporate,74 CLARENDON ST STE A,BOSTON,MA,02116,,,,,YES,,,,,2008-10-07,1,nominal / non-arms-length transfer,18,106,1,155000,0,155000,1963,Condo,1,256,,4,12-131-1A,102,Residential Condominium,,,42.381311,-71.175665,"https://maps.google.com/?q=42.381311,-71.175665",F_743795_2964145,CY24_FY24
5,,absentee - elsewhere in MA,125 TRAPELO RD UNIT 2,2,Condominium,125 TRAPELO LLC,LLC / corporate,74 CLARENDON ST STE A,BOSTON,MA,02116,,,,,YES,,,,,2008-10-07,1,nominal / non-arms-length transfer,18,106,1,321000,0,321000,1963,Condo,1,748,,4,12-131-2,102,Residential Condominium,,,42.381311,-71.175665,"https://maps.google.com/?q=42.381311,-71.175665",F_743795_2964145,CY24_FY24
5,,absentee - elsewhere in MA,125 TRAPELO RD UNIT 22,22,Condominium,125 TRAPELO LLC,LLC / corporate,74 CLARENDON ST STE A,BOSTON,MA,02116,,,,,YES,,,,,2008-10-07,1,nominal / non-arms-length transfer,18,106,1,262000,0,262000,1963,Condo,1,527,,4,12-131-22,102,Residential Condominium,,,42.381311,-71.175665,"https://maps.google.com/?q=42.381311,-71.175665",F_743795_2964145,CY24_FY24
5,,absentee - elsewhere in MA,125 TRAPELO RD UNIT 24,24,Condominium,125 TRAPELO LLC,LLC / corporate,74 CLARENDON ST STE A,BOSTON,MA,02116,,,,,YES,,,,,2008-10-07,1,nominal / non-arms-length transfer,18,106,1,359000,0,359000,1963,Condo,1,748,,4,12-131-24,102,Residential Condominium,,,42.381311,-71.175665,"https://maps.google.com/?q=42.381311,-71.175665",F_743795_2964145,CY24_FY24
5,,absentee - elsewhere in MA,125 TRAPELO RD UNIT 25,25,Condominium,125 TRAPELO LLC,LLC / corporate,74 CLARENDON ST STE A,BOSTON,MA,02116,,,,,YES,,,,,2008-10-07,1,nominal / non-arms-length transfer,18,106,1,305000,0,305000,1963,Condo,1,527,,4,12-131-25,102,Residential Condominium,,,42.381311,-71.175665,"https://maps.google.com/?q=42.381311,-71.175665",F_743795_2964145,CY24_FY24
5,,absentee - elsewhere in MA,125 TRAPELO RD UNIT 26,26,Condominium,125 TRAPELO LLC,LLC / corporate,74 CLARENDON ST STE A,BOSTON,MA,02116,,,,,YES,,,,,2008-10-07,1,nominal / non-arms-length transfer,18,106,1,289000,0,289000,1963,Condo,1,527,,4,12-131-26,102,Residential Condominium,,,42.381311,-71.175665,"https://maps.google.com/?q=42.381311,-71.175665",F_743795_2964145,CY24_FY24
5,,absentee - elsewhere in MA,125 TRAPELO RD UNIT 27,27,Condominium,125 TRAPELO LLC,LLC / corporate,74 CLARENDON ST STE A,BOSTON,MA,02116,,,,,YES,,,,,2008-10-07,1,nominal / non-arms-length transfer,18,106,1,299000,0,299000,1963,Condo,1,510,,4,12-131-27,102,Residential Condominium,,,42.381311,-71.175665,"https://maps.google.com/?q=42.381311,-71.175665",F_743795_2964145,CY24_FY24
5,,absentee - elsewhere in MA,125 TRAPELO RD UNIT 28,28,Condominium,125 TRAPELO LLC,LLC / corporate,74 CLARENDON ST STE A,BOSTON,MA,02116,,,,,YES,,,,,2008-10-07,1,nominal / non-arms-length transfer,18,106,1,275000,0,275000,1963,Condo,1,527,,4,12-131-28,102,Residential Condominium,,,42.381311,-71.175665,"https://maps.google.com/?q=42.381311,-71.175665",F_743795_2964145,CY24_FY24
5,,absentee - elsewhere in MA,125 TRAPELO RD UNIT 3,3,Condominium,125 TRAPELO LLC,LLC / corporate,74 CLARENDON ST STE A,BOSTON,MA,02116,,,,,YES,,,,,2008-10-07,1,nominal / non-arms-length transfer,18,106,1,284000,0,284000,1963,Condo,1,527,,4,12-131-3,102,Residential Condominium,,,42.381311,-71.175665,"https://maps.google.com/?q=42.381311,-71.175665",F_743795_2964145,CY24_FY24
5,,absentee - elsewhere in MA,125 TRAPELO RD UNIT 30,30,Condominium,LION PROPERTIES LLC,LLC / corporate,8 GARRISON DRIVE,BEDFORD,MA,01730,,,,,YES,,,,,2008-10-07,1,nominal / non-arms-length transfer,18,106,1,336000,0,336000,1963,Condo,1,748,,4,12-131-30,102,Residential Condominium,,,42.381311,-71.175665,"https://maps.google.com/?q=42.381311,-71.175665",F_743795_2964145,CY24_FY24
5,,absentee - elsewhere in MA,125 TRAPELO RD UNIT 31,31,Condominium,125 TRAPELO LLC,LLC / corporate,74 CLARENDON ST STE A,BOSTON,MA,02116,,,,,YES,,,,,2008-10-07,1,nominal / non-arms-length transfer,18,106,1,305000,0,305000,1963,Condo,1,527,,4,12-131-31,102,Residential Condominium,,,42.381311,-71.175665,"https://maps.google.com/?q=42.381311,-71.175665",F_743795_2964145,CY24_FY24
5,,absentee - elsewhere in MA,125 TRAPELO RD UNIT 33,33,Condominium,125 TRAPELO LLC,LLC / corporate,74 CLARENDON ST STE A,BOSTON,MA,02116,,,,,YES,,,,,2008-10-07,1,nominal / non-arms-length transfer,18,106,1,299000,0,299000,1963,Condo,1,510,,4,12-131-33,102,Residential Condominium,,,42.381311,-71.175665,"https://maps.google.com/?q=42.381311,-71.175665",F_743795_2964145,CY24_FY24
5,,absentee - elsewhere in MA,125 TRAPELO RD UNIT 34,34,Condominium,125 TRAPELO LLC,LLC / corporate,74 CLARENDON ST STE A,BOSTON,MA,02116,,,,,YES,,,,,2008-10-07,1,nominal / non-arms-length transfer,18,106,1,275000,0,275000,1963,Condo,1,527,,4,12-131-34,102,Residential Condominium,,,42.381311,-71.175665,"https://maps.google.com/?q=42.381311,-71.175665",F_743795_2964145,CY24_FY24
5,,absentee - elsewhere in MA,125 TRAPELO RD UNIT 37,37,Condominium,125 TRAPELO LLC,LLC / corporate,74 CLARENDON ST STE A,BOSTON,MA,02116,,,,,YES,,,,,2008-10-07,1,nominal / non-arms-length transfer,18,106,1,305000,0,305000,1963,Condo,1,527,,4,12-131-37,102,Residential Condominium,,,42.381311,-71.175665,"https://maps.google.com/?q=42.381311,-71.175665",F_743795_2964145,CY24_FY24
5,,absentee - elsewhere in MA,125 TRAPELO RD UNIT 39,39,Condominium,125 TRAPELO LLC,LLC / corporate,74 CLARENDON ST STE A,BOSTON,MA,02116,,,,,YES,,,,,2008-10-07,1,nominal / non-arms-length transfer,18,106,1,286000,0,286000,1963,Condo,1,510,,4,12-131-39,102,Residential Condominium,,,42.381311,-71.175665,"https://maps.google.com/?q=42.381311,-71.175665",F_743795_2964145,CY24_FY24
5,,absentee - elsewhere in MA,125 TRAPELO RD UNIT 4,4,Condominium,125 TRAPELO LLC,LLC / corporate,74 CLARENDON ST STE A,BOSTON,MA,02116,,,,,YES,,,,,2008-10-07,1,nominal / non-arms-length transfer,18,106,1,243000,0,243000,1963,Condo,1,527,,4,12-131-4,102,Residential Condominium,,,42.381311,-71.175665,"https://maps.google.com/?q=42.381311,-71.175665",F_743795_2964145,CY24_FY24
5,,absentee - elsewhere in MA,125 TRAPELO RD UNIT 40,40,Condominium,125 TRAPELO LLC,LLC / corporate,74 CLARENDON ST STE A,BOSTON,MA,02116,,,,,YES,,,,,2008-10-07,1,nominal / non-arms-length transfer,18,106,1,288000,0,288000,1963,Condo,1,527,,4,12-131-40,102,Residential Condominium,,,42.381311,-71.175665,"https://maps.google.com/?q=42.381311,-71.175665",F_743795_2964145,CY24_FY24
5,,absentee - elsewhere in MA,125 TRAPELO RD UNIT 5,5,Condominium,125 TRAPELO LLC,LLC / corporate,74 CLARENDON ST STE A,BOSTON,MA,02116,,,,,YES,,,,,2008-10-07,1,nominal / non-arms-length transfer,18,106,1,338000,0,338000,1963,Condo,1,748,,4,12-131-5,102,Residential Condominium,,,42.381311,-71.175665,"https://maps.google.com/?q=42.381311,-71.175665",F_743795_2964145,CY24_FY24
5,,absentee - elsewhere in MA,125 TRAPELO RD UNIT 7,7,Condominium,125 TRAPELO LLC,LLC / corporate,74 CLARENDON ST STE A,BOSTON,MA,02116,,,,,YES,,,,,2008-10-07,1,nominal / non-arms-length transfer,18,106,1,290000,0,290000,1963,Condo,1,527,,4,12-131-7,102,Residential Condominium,,,42.381311,-71.175665,"https://maps.google.com/?q=42.381311,-71.175665",F_743795_2964145,CY24_FY24
5,,absentee - elsewhere in MA,125 TRAPELO RD UNIT 9,9,Condominium,125 TRAPELO LLC,LLC / corporate,74 CLARENDON ST STE A,BOSTON,MA,02116,,,,,YES,,,,,2008-10-07,1,nominal / non-arms-length transfer,18,106,1,272000,0,272000,1963,Condo,1,510,,4,12-131-9,102,Residential Condominium,,,42.381311,-71.175665,"https://maps.google.com/?q=42.381311,-71.175665",F_743795_2964145,CY24_FY24
5,,absentee - elsewhere in MA,131-133 FAIRVIEW AVE,,Two-family,JONVIEW LLC,LLC / corporate,133 TEMPLETON PARKWAY,WATERTOWN,MA,02472,,,,,YES,,,,,2021-09-10,1,nominal / non-arms-length transfer,5,78664,392,1390000,943000,438000,1920,Old Style,2,3046,5542,7,10-4,104,Two-Family Residential,,,42.37924,-71.162516,"https://maps.google.com/?q=42.37924,-71.162516",F_747351_2963403,CY24_FY24
5,,absentee - owner elsewhere in Belmont,14-16 UNITY AVE,,Two-family,BEAMER REALTY NOMINEE TRUST,LLC / corporate,61 LINCOLN ST,BELMONT,MA,02478,,,,YES,YES,,,,,2010-09-30,1,nominal / non-arms-length transfer,16,1390,108,993000,888000,105000,1940,Colonial,2,1288,2970,7,1-51,104,Two-Family Residential,,,42.377269,-71.156236,"https://maps.google.com/?q=42.377269,-71.156236",F_749051_2962694,CY24_FY24
5,,absentee - elsewhere in MA,163 BELMONT ST,,"Mixed use, mostly residential",163 BELMONT LLC,LLC / corporate,7 WALNUT ST,NEWTON,MA,02460,,,,,YES,,,,,1997-10-08,1,nominal / non-arms-length transfer,29,27753,587,2297000,967000,1330000,1900,Res/Comm,3,4510,4183,13,1-64,013,"Mixed Use (Primarily Residential, some Commercial)",,,42.375933,-71.156854,"https://maps.google.com/?q=42.375933,-71.156854",F_748885_2962204,CY24_FY24
5,,absentee - elsewhere in MA,175 BELMONT ST,,Three-family,NAK REALTY LLC,LLC / corporate,79 POTTER POND,LEXINGTON,MA,02421,,,,,YES,,,,,2018-03-29,1,nominal / non-arms-length transfer,8,70795,185,1487000,908000,563000,1910,Old Style,3,4446,6237,7,1-65,105,Three-Family Residential,,,42.376191,-71.157558,"https://maps.google.com/?q=42.376191,-71.157558",F_748696_2962301,CY24_FY24
5,,absentee - elsewhere in MA,177-179 WHITE ST,,Two-family,WHITE BROWN STREET LLC,LLC / corporate,24 PIERMONT STREET,WATERTOWN,MA,02472,,,,,YES,,,,,2017-05-31,1,nominal / non-arms-length transfer,9,69358,305,1056000,758000,291000,1927,Old Style,2,2430,8500,7,15-185-A,104,Two-Family Residential,,,42.382935,-71.18796,"https://maps.google.com/?q=42.382935,-71.18796",F_740471_2964725,CY24_FY24
5,,absentee - out of state,18 CLYDE ST,,Two-family,16-18 CLYDE STREET LLC,LLC / corporate,6908 OAKRIDGE AVE,CHEVY CHASE,MD,20815,,,,,YES,,,,,1983-03-08,1,nominal / non-arms-length transfer,43,14924,531,1066000,971000,95000,1927,Old Style,2,2208,6227,7,20-16,104,Two-Family Residential,,,42.391017,-71.162355,"https://maps.google.com/?q=42.391017,-71.162355",F_747378_2967696,CY24_FY24
5,,absentee - elsewhere in MA,190 LEXINGTON ST,,Single family,190 LEXINGTON STREET LLC,LLC / corporate,21 PINE RD,WESTFORD,MA,01886,,,,,YES,,,,,2013-05-14,10,nominal / non-arms-length transfer,13,61791,122,957000,768000,189000,1890,Colonial,1,2388,8939,7,15-170,101,Single Family Residential,,,42.381875,-71.188818,"https://maps.google.com/?q=42.381875,-71.188818",F_740242_2964337,CY24_FY24
5,,absentee - elsewhere in MA,20-22 EXETER ST,,Two-family,SPIROS AND POTA LLC,LLC / corporate,1673 A BEACON STREET,BROOKLINE,MA,02445,,,,,YES,,,,,2002-10-21,1,nominal / non-arms-length transfer,24,36764,397,1382000,1011000,371000,1900,Colonial,2,3048,4992,7,1-21,104,Two-Family Residential,,,42.376264,-71.155659,"https://maps.google.com/?q=42.376264,-71.155659",F_749210_2962327,CY24_FY24
5,,absentee - owner elsewhere in Belmont,229 BELMONT ST,,Apartments (4-8 units),229 BELMONT STREET LLC,LLC / corporate,11 WOODBINE RD,BELMONT,MA,02478,,,,,YES,,,,,1995-10-27,1,nominal / non-arms-length transfer,31,25766,477,1933000,1378000,555000,1909,Old Style,8,7146,5040,13,2-59,111,Apartments with Four to Eight Units,,,42.376915,-71.160613,"https://maps.google.com/?q=42.376915,-71.160613",F_747869_2962560,CY24_FY24
5,,absentee - elsewhere in MA,239-245 WHITE ST,,Apartments (4-8 units),ATINA LLC,LLC / corporate,79 FESSENDEN ST,NEWTON,MA,02460,,,,,YES,,,,,2006-03-03,1,nominal / non-arms-length transfer,20,47062,111,1508000,758000,734000,1910,Old Style,4,4488,8503,7,15-149,111,Apartments with Four to Eight Units,,,42.380643,-71.18737,"https://maps.google.com/?q=42.380643,-71.18737",F_740633_2963888,CY24_FY24
5,,absentee - elsewhere in MA,26 EXETER ST UNIT B,B,Condominium,SPIROS & POTA LLC,LLC / corporate,1673 A BEACON STREET,BROOKLINE,MA,02445,,,,,YES,,,,,2002-10-21,1,nominal / non-arms-length transfer,24,36764,400,822000,0,822000,1984,Condo,1,1500,,7,1-22-B,102,Residential Condominium,,,42.376384,-71.155538,"https://maps.google.com/?q=42.376384,-71.155538",F_749241_2962371,CY24_FY24
5,,absentee - elsewhere in MA,28-30 CHESTNUT ST,,Two-family,SAVE LLC,LLC / corporate,2 BLANCHARD RD,BURLINGTON,MA,01803,,,,,YES,,,,,2009-07-06,1,nominal / non-arms-length transfer,17,1371,23,1494000,876000,601000,1916,Old Style,2,2610,7900,7,15-84,104,Two-Family Residential,,,42.382687,-71.1863,"https://maps.google.com/?q=42.382687,-71.1863",F_740944_2964645,CY24_FY24
5,,absentee - out of state,3 BAYBERRY LN UNIT 42,42,Condominium,SACHS PROPERTIES LLC,LLC / corporate,1211 GULF OF MEXICO DR,LONGBOAT KEY,FL,34228,MEXICO,,,,YES,,,,,1980-10-01,1,nominal / non-arms-length transfer,46,14084,272,1622000,0,1622000,2006,Condo,1,2779,,8,59-11-3-42,102,Residential Condominium,,,42.395916,-71.194069,"https://maps.google.com/?q=42.395916,-71.194069",F_738801_2969582,CY24_FY24
5,,absentee - elsewhere in MA,37-39 LORING ST,,Two-family,39 LORING STREET LLC,LLC / corporate,56 BOSTONIA AVE,BRIGHTON,MA,02135,,,,,YES,,,,,2014-05-09,1,nominal / non-arms-length transfer,12,731,38,1029000,737000,292000,1922,Old Style,2,1822,3950,7,15-70,104,Two-Family Residential,,,42.383059,-71.185795,"https://maps.google.com/?q=42.383059,-71.185795",F_741056_2964772,CY24_FY24
5,,absentee - out of country,4 EXETER ST,,Two-family,GANSETT PTY LTD,LLC / corporate,25 HEATHER GROVE,KEW VICTORIA AUSTRALIA,,03101,"AUSTRALIA, VICTORIA AUSTRALIA",,,,YES,,,,,2014-11-24,746000,market sale,12,64555,372,1423000,1011000,412000,1897,Old Style,2,2684,5000,7,1-18,104,Two-Family Residential,,,42.375877,-71.155848,"https://maps.google.com/?q=42.375877,-71.155848",F_749160_2962185,CY24_FY24
5,,absentee - elsewhere in MA (PO Box),48 OXFORD AVE,,Three-family,BELOXF LLC,LLC / corporate,P.O. BOX 345,SOMERVILLE,MA,02143,,,,,YES,,,,,2006-06-21,1,nominal / non-arms-length transfer,20,47668,250,1560000,1011000,541000,1900,Old Style,3,3594,5000,7,1-181,105,Three-Family Residential,,,42.377485,-71.156,"https://maps.google.com/?q=42.377485,-71.156",F_749115_2962771,CY24_FY24
5,,absentee - elsewhere in MA (PO Box),545-547 SCHOOL ST,,Two-family,RPZ REALTY LAND TRUST LLC TRS,LLC / corporate,PO BOX 35309,BRIGHTON,MA,02135,,,,YES,YES,,,,,1932-11-16,0,nominal / non-arms-length transfer,94,5684,159,1196000,876000,311000,1923,Old Style,2,2244,5391,7,3-11,104,Two-Family Residential,,,42.378713,-71.163714,"https://maps.google.com/?q=42.378713,-71.163714",F_747029_2963211,CY24_FY24
5,,absentee - elsewhere in MA,56 SPRINGFIELD ST,,Two-family,PRINCETON EVERBRIGHT LLC,LLC / corporate,22 CODMAN DR,SUDBURY,MA,01776,,,,,YES,,,,,2017-09-11,1,nominal / non-arms-length transfer,9,1515,65,1215000,959000,252000,1923,Old Style,2,2450,4051,7,2-96,104,Two-Family Residential,,,42.378486,-71.161477,"https://maps.google.com/?q=42.378486,-71.161477",F_747634_2963131,CY24_FY24
5,,absentee - elsewhere in MA,58-60 BEECH ST,,Two-family,58-60 BEECH STREET LLC,LLC / corporate,17 FOREST PARK DRIVE,WALTHAM,MA,02452,,,,,YES,,,,,2002-05-03,1,nominal / non-arms-length transfer,24,1251,168,970000,696000,274000,1924,Old Style,2,2014,4803,7,27-139,104,Two-Family Residential,,,42.384797,-71.187379,"https://maps.google.com/?q=42.384797,-71.187379",F_740626_2965404,CY24_FY24
5,,absentee - elsewhere in MA,583-585 SCHOOL ST,,Two-family,1185 SP LLC,LLC / corporate,90 WEBSTER ST,NEWTON,MA,02465,,,,,YES,,,,,2005-09-27,1,nominal / non-arms-length transfer,21,46163,580,1158000,867000,291000,1923,Old Style,2,2244,5170,7,3-3,104,Two-Family Residential,,,42.377493,-71.163711,"https://maps.google.com/?q=42.377493,-71.163711",F_747031_2962767,CY24_FY24
5,,absentee - elsewhere in MA,6 HAWTHORNE ST,,"Mixed use, mostly residential",JL HAWTHORNE LLC,LLC / corporate,91 CANDLEWOOD DR,WALTHAM,MA,02451,,,,,YES,,,,,2022-11-29,1,nominal / non-arms-length transfer,4,80996,197,1405000,827000,578000,1920,Res/Comm,1,4251,9562,7,27-82,013,"Mixed Use (Primarily Residential, some Commercial)",,,42.386883,-71.186329,"https://maps.google.com/?q=42.386883,-71.186329",F_740907_2966165,CY24_FY24
5,,absentee - elsewhere in MA,62-64 BEECH ST,,Two-family,62-64 BEECH STREET LLC,LLC / corporate,17 FOREST PARK DRIVE,WALTHAM,MA,02452,,,,,YES,,,,,2022-03-22,1,nominal / non-arms-length transfer,4,1586,132,1157000,703000,454000,1924,Old Style,2,2768,5000,7,27-140,104,Two-Family Residential,,,42.38485,-71.187211,"https://maps.google.com/?q=42.38485,-71.187211",F_740671_2965423,CY24_FY24
5,,absentee - elsewhere in MA,64-66 DAVIS RD,,Two-family,DAVIS ROAD REALTY LLC,LLC / corporate,33 FOREST PARK DRIVE,WALTHAM,MA,02452,,,,,YES,,,,,1997-10-15,1,nominal / non-arms-length transfer,29,1178,142,1154000,726000,427000,1935,Old Style,2,2688,3735,7,29-37,104,Two-Family Residential,,,42.387786,-71.182994,"https://maps.google.com/?q=42.387786,-71.182994",F_741807_2966497,CY24_FY24
5,,absentee - elsewhere in MA,65-67 FLETT RD,,Two-family,FLETTRE LLC,LLC / corporate,11 GRANTON PARK,ARLINGTON,MA,02474,,,,,YES,,,,,2018-05-08,1,nominal / non-arms-length transfer,8,1526,45,1005000,716000,289000,1920,Colonial,2,2132,3534,7,14-22,104,Two-Family Residential,,,42.385594,-71.18089,"https://maps.google.com/?q=42.385594,-71.18089",F_742376_2965701,CY24_FY24
5,,absentee - elsewhere in MA,67-69 MAPLE ST,,Two-family,67-69 MAPLE STREET LLC,LLC / corporate,17 FOREST PARK DRIVE,WALTHAM,MA,02452,,,,,YES,,,,,2022-03-22,1,nominal / non-arms-length transfer,4,1586,134,1122000,756000,366000,1921,Old Style,2,2348,4391,7,15-67,104,Two-Family Residential,,,42.383453,-71.18555,"https://maps.google.com/?q=42.383453,-71.18555",F_741121_2964916,CY24_FY24
5,,absentee - elsewhere in MA,7-9 FRANCIS ST,,Two-family,TRAPELO PARK ASSOCIATES LLC,LLC / corporate,12 BROOK ST,FITCHBURG,MA,01420,,,,,YES,,,,,2007-06-27,1,nominal / non-arms-length transfer,19,1339,102,1149000,737000,412000,1927,Old Style,2,2338,3969,7,14-88,104,Two-Family Residential,,,42.38594,-71.182164,"https://maps.google.com/?q=42.38594,-71.182164",F_742031_2965829,CY24_FY24
5,,absentee - elsewhere in MA,71-73 DAVIS RD,,Apartments (4-8 units),71-73 DAVIS ROAD LLC,LLC / corporate,24 PIERMONT ST,WATERTOWN,MA,02472,,,,,YES,,,,,2015-10-22,1,nominal / non-arms-length transfer,11,1480,141,1165000,724000,440000,1935,Old Style,4,2576,3679,7,29-12,111,Apartments with Four to Eight Units,,,42.387768,-71.182422,"https://maps.google.com/?q=42.387768,-71.182422",F_741960_2966493,CY24_FY24
5,,absentee - elsewhere in MA,73-75 MAPLE ST,,Two-family,73-75 MAPLE STREET LLC,LLC / corporate,8 DONNA LANE,BURLINGTON,MA,01803,,,,,YES,,,,,2011-10-21,10,nominal / non-arms-length transfer,15,1406,131,1141000,784000,342000,1922,Old Style,2,2398,5072,7,15-69,104,Two-Family Residential,,,42.383169,-71.185555,"https://maps.google.com/?q=42.383169,-71.185555",F_741121_2964813,CY24_FY24
5,,absentee - elsewhere in MA,76-78 OXFORD AVE,,Two-family,HIGH DESERT PROPERTIES LLC,LLC / corporate,532 PAGE ST,STOUGHTON,MA,02072,,,,,YES,,,,,2021-05-25,1,nominal / non-arms-length transfer,5,77859,52,993000,725000,268000,1912,Old Style,2,2008,3236,7,1-188,104,Two-Family Residential,,,42.378389,-71.155605,"https://maps.google.com/?q=42.378389,-71.155605",F_749219_2963102,CY24_FY24
5,,absentee - elsewhere in MA,81 BIRCH HILL RD,,Single family,PRO TOUCH HOME IMPROVEMENT INC,LLC / corporate,14 FARM AVENUE,PEABODY,MA,01960,,,,,YES,,,,,1998-10-14,1,nominal / non-arms-length transfer,28,1195,40,2565000,739000,1826000,1961,Contemporary,1,4188,14159,8,74-8,101,Single Family Residential,,,42.413737,-71.191757,"https://maps.google.com/?q=42.413737,-71.191757",F_739400_2975953,CY24_FY24
5,,absentee - elsewhere in MA,9 STANLEY RD,,Single family,9 STANLEY ROAD LLC,LLC / corporate,108 ADAM ST,MEDFIELD,MA,02052,,,,,YES,,,,,2013-07-19,10,nominal / non-arms-length transfer,13,62275,495,917000,711000,205000,1926,Colonial,1,1464,9497,10,61-55,101,Single Family Residential,,,42.397359,-71.194852,"https://maps.google.com/?q=42.397359,-71.194852",F_738591_2969975,CY24_FY24
5,,absentee - owner elsewhere in Belmont,92 OAK AVE,,Two-family,NINETY TWO OAK AVENUE LLC,LLC / corporate,48 OAKLEY RD,BELMONT,MA,02478,,,,,YES,,,,,1992-10-30,1,nominal / non-arms-length transfer,34,22558,509,1536000,950000,576000,1920,Old Style,2,3118,8697,7,6-220,104,Two-Family Residential,,,42.382568,-71.171915,"https://maps.google.com/?q=42.382568,-71.171915",F_744802_2964607,CY24_FY24
5,,absentee - elsewhere in MA,97 WINTER ST,,Single family,MMSA LLC,LLC / corporate,253 WAVERLEY AVE,WATERTOWN,MA,02472,,,,,YES,,,,,2013-09-17,100,nominal / non-arms-length transfer,13,1442,17,983000,798000,184000,1949,Ranch,1,1245,12012,8,69-7,101,Single Family Residential,,,42.406877,-71.1983,"https://maps.google.com/?q=42.406877,-71.1983",F_737647_2973440,CY24_FY24
4,,absentee - owner elsewhere in Belmont,1-3 TRAPELO RD,,Two-family,TRAPELO ROAD LLC,LLC / corporate,5 GALE RD,BELMONT,MA,02478,,,,,YES,,,,,2014-10-21,1,nominal / non-arms-length transfer,12,64391,108,1123000,729000,387000,1920,Old Style,2,2976,5781,10,5-41,104,Two-Family Residential,,,42.37831,-71.170084,"https://maps.google.com/?q=42.37831,-71.170084",F_745308_2963058,CY24_FY24
4,,absentee - owner elsewhere in Belmont,10 VALE RD UNIT 10,10,Condominium,OAK REALTY & SERVICE COMPANY LLC,LLC / corporate,4 HILL RD,BELMONT,MA,02478,,,,,YES,,,,,2015-10-23,1,nominal / non-arms-length transfer,11,66271,339,258000,0,258000,1963,Condo,1,1390,,7,39-26-10,102,Residential Condominium,,,42.396817,-71.158324,"https://maps.google.com/?q=42.396817,-71.158324",F_748458_2969815,CY24_FY24
4,,absentee - owner elsewhere in Belmont,10-16 POND ST UNIT 10,10,Condominium,OAK REALTY & SERVICE COMPANY LLC,LLC / corporate,4 HILL RD,BELMONT,MA,02478,,,,,YES,,,,,2015-10-23,1,nominal / non-arms-length transfer,11,66271,339,364000,0,364000,1963,Condo,1,1418,,7,39-2-10,102,Residential Condominium,,,42.397863,-71.159182,"https://maps.google.com/?q=42.397863,-71.159182",F_748206_2970187,CY24_FY24
4,,absentee - owner elsewhere in Belmont,10-16 POND ST UNIT 12,12,Condominium,OAK REALTY & SERVICE COMPANY LLC,LLC / corporate,4 HILL RD,BELMONT,MA,02478,,,,,YES,,,,,2015-10-23,1,nominal / non-arms-length transfer,11,66271,339,363000,0,363000,1963,Condo,1,1404,,7,39-2-12,102,Residential Condominium,,,42.397863,-71.159182,"https://maps.google.com/?q=42.397863,-71.159182",F_748206_2970187,CY24_FY24
4,,absentee - owner elsewhere in Belmont,10-16 POND ST UNIT 14,14,Condominium,OAK REALTY & SERVICE COMPANY LLC,LLC / corporate,4 HILL RD,BELMONT,MA,02478,,,,,YES,,,,,2015-10-23,1,nominal / non-arms-length transfer,11,66271,339,363000,0,363000,1963,Condo,1,1404,,7,39-2-14,102,Residential Condominium,,,42.397863,-71.159182,"https://maps.google.com/?q=42.397863,-71.159182",F_748206_2970187,CY24_FY24
4,,absentee - owner elsewhere in Belmont,10-16 POND ST UNIT 16,16,Condominium,OAK REALTY & SERVICE COMPANY LLC,LLC / corporate,4 HILL RD,BELMONT,MA,02478,,,,,YES,,,,,2015-10-23,1,nominal / non-arms-length transfer,11,66271,339,364000,0,364000,1963,Condo,1,1418,,7,39-2-16,102,Residential Condominium,,,42.397863,-71.159182,"https://maps.google.com/?q=42.397863,-71.159182",F_748206_2970187,CY24_FY24
4,,absentee - elsewhere in MA,100 LEXINGTON ST UNIT A8,A8,Condominium,CASCAP-METSTATE HOUSING LLC,LLC / corporate,231 SOMERVILLE AVE,SOMERVILLE,MA,02143,,,,,YES,,,,,1977-09-01,39900,market sale,49,13277,341,362000,0,362000,1977,Condo,1,756,,7,28-174-A8,102,Residential Condominium,,,42.385064,-71.189396,"https://maps.google.com/?q=42.385064,-71.189396",F_740085_2965506,CY24_FY24
4,,absentee - elsewhere in MA,102 CRESTVIEW RD,,Single family,102 CRESTVIEW ROAD LLC,LLC / corporate,26 YORK RD,WINCHESTER,MA,01890,,,,,YES,,,,,1960-09-09,8500,market sale,66,643,131,1556000,1004000,552000,1961,Ranch,1,1754,19752,8,66-16,101,Single Family Residential,,,42.410748,-71.186834,"https://maps.google.com/?q=42.410748,-71.186834",F_740736_2974859,CY24_FY24
4,,absentee - elsewhere in MA,104-106 SYCAMORE ST,,Three-family,104-106 SYCAMORE STREET LLC,LLC / corporate,26 AGRILLO CIR,WALTHAM,MA,02451,,,,,YES,,,,,1969-07-29,0,nominal / non-arms-length transfer,57,11715,618,1309000,744000,562000,1917,Colonial,3,3598,4110,7,28-87,105,Three-Family Residential,,,42.38551,-71.191589,"https://maps.google.com/?q=42.38551,-71.191589",F_739488_2965660,CY24_FY24
4,,absentee - owner elsewhere in Belmont,107-109 FAIRVIEW AVE,,Two-family,KRAUSS LLC,LLC / corporate,40 ALBERT AVE,BELMONT,MA,02478,,,,,YES,,,,,1997-09-18,1,nominal / non-arms-length transfer,29,27685,185,1364000,938000,417000,1920,Old Style,2,2574,5428,7,10-8,104,Two-Family Residential,,,42.379214,-71.161777,"https://maps.google.com/?q=42.379214,-71.161777",F_747551_2963396,CY24_FY24
4,,absentee - owner elsewhere in Belmont,11 HILL RD UNIT 11,11,Condominium,OAK REALTY & SERVICE COMPANY LLC,LLC / corporate,4 HILL RD,BELMONT,MA,02478,,,,,YES,,,,,2015-10-23,1,nominal / non-arms-length transfer,11,66271,339,258000,0,258000,1963,Condo,1,1390,,7,39-26-11,102,Residential Condominium,,,42.396817,-71.158324,"https://maps.google.com/?q=42.396817,-71.158324",F_748458_2969815,CY24_FY24
4,,absentee - owner elsewhere in Belmont,12 ERICSSON ST,,Two-family,10-12 ERICSSON STREET LLC,LLC / corporate,29 UNDERWOOD ST,BELMONT,MA,02478,,,,,YES,,,,,2020-03-09,1,nominal / non-arms-length transfer,6,74258,228,1266000,1009000,257000,1901,Old Style,2,2715,4966,7,1-7,104,Two-Family Residential,,,42.375755,-71.154979,"https://maps.google.com/?q=42.375755,-71.154979",F_749392_2962143,CY24_FY24
4,,absentee - elsewhere in MA,12 ST JAMES COURT,,Single family,ST JAMES COURT LLC,LLC / corporate,590 MAIN ST SUITE 500,WATERTOWN,MA,02472,,,,,YES,,,,,1988-10-28,425000,market sale,38,11351,299,3715000,1379000,2336000,1989,Colonial,1,5999,42348,8,65-5,101,Single Family Residential,,,42.402401,-71.193138,"https://maps.google.com/?q=42.402401,-71.193138",F_739044_2971799,CY24_FY24
4,,absentee - owner elsewhere in Belmont,12 VALE RD UNIT 12,12,Condominium,OAK REALTY & SERVICE COMPANY LLC,LLC / corporate,4 HILL RD,BELMONT,MA,02478,,,,,YES,,,,,2015-10-23,1,nominal / non-arms-length transfer,11,66271,339,258000,0,258000,1963,Condo,1,1390,,7,39-26-12,102,Residential Condominium,,,42.396817,-71.158324,"https://maps.google.com/?q=42.396817,-71.158324",F_748458_2969815,CY24_FY24
4,,absentee - owner elsewhere in Belmont,12-14 DALTON RD,,Two-family,DLORA LLC,LLC / corporate,225 PROSPECT ST,BELMONT,MA,02478,,,,,YES,,,,,2008-12-30,1,nominal / non-arms-length transfer,18,52029,64,1390000,929000,450000,1920,Old Style,2,2574,5225,7,10-13,104,Two-Family Residential,,,42.379409,-71.161093,"https://maps.google.com/?q=42.379409,-71.161093",F_747735_2963468,CY24_FY24
4,,absentee - out of state,120 TRAPELO RD,,"Mixed use, mostly residential",BELMONT RESIDENTIAL PROPERTY OWNER LLC,LLC / corporate,2727 LBJ FREEWAY SUITE 806,DALLAS,TX,75234,,,,,YES,,,,,2016-10-19,1000000,market sale,10,68233,137,15897000,3695000,12160000,,,1,,18720,4,12-211-A,013,"Mixed Use (Primarily Residential, some Commercial)",,,42.380643,-71.175613,"https://maps.google.com/?q=42.380643,-71.175613",F_743814_2963901,CY24_FY24
4,,absentee - elsewhere in MA,128-130 SYCAMORE ST,,Two-family,128-130 SYCAMORE STREET LLC,LLC / corporate,26 AGRILLO CIR,WALTHAM,MA,02451,,,,,YES,,,,,1984-01-05,112000,market sale,42,15392,412,1091000,745000,337000,1925,Old Style,2,2404,4130,7,28-93,104,Two-Family Residential,,,42.385205,-71.192727,"https://maps.google.com/?q=42.385205,-71.192727",F_739182_2965547,CY24_FY24
4,,absentee - elsewhere in MA,13 GRANT AVE,,Single family,28 HALL AVE LLC,LLC / corporate,30 KATHERINE RD,WATERTOWN,MA,02472,,,,,YES,,,,,1988-11-21,0,nominal / non-arms-length transfer,38,19480,300,1951000,686000,1264000,2022,Old Style,1,3338,5700,7,27-105,101,Single Family Residential,,,42.388049,-71.18796,"https://maps.google.com/?q=42.388049,-71.18796",F_740465_2966589,CY24_FY24
4,,absentee - out of state (PO Box),13 HAWTHORNE ST UNIT 13,13,Condominium,J & S HAWTHORNE LLC,LLC / corporate,PO BOX 661382,ARCADIA,CA,91006,,,,,YES,,,,,2008-05-08,328500,market sale,18,51150,30,635000,0,635000,1978,Condo,1,1344,,7,27-49-13,102,Residential Condominium,,,42.386648,-71.185836,"https://maps.google.com/?q=42.386648,-71.185836",F_741042_2966078,CY24_FY24
4,,absentee - owner elsewhere in Belmont,13 HILL RD UNIT 13,13,Condominium,OAK REALTY & SERVICE COMPANY LLC,LLC / corporate,4 HILL RD,BELMONT,MA,02478,,,,,YES,,,,,2015-10-23,1,nominal / non-arms-length transfer,11,66271,339,258000,0,258000,1963,Condo,1,1390,,7,39-26-13,102,Residential Condominium,,,42.396817,-71.158324,"https://maps.google.com/?q=42.396817,-71.158324",F_748458_2969815,CY24_FY24
4,,absentee - owner elsewhere in Belmont,13-15 BENJAMIN RD,,Two-family,KIMIFER PROPERTIES LLC,LLC / corporate,71 OLIVER ROAD,BELMONT,MA,02478,,,,,YES,,,,,2022-03-16,1,nominal / non-arms-length transfer,4,79831,590,1010000,750000,257000,1920,Old Style,2,2356,4250,7,26-39,104,Two-Family Residential,,,42.389388,-71.179362,"https://maps.google.com/?q=42.389388,-71.179362",F_742784_2967083,CY24_FY24
4,,absentee - owner elsewhere in Belmont,13-19 POND ST UNIT 13,13,Condominium,OAK REALTY & SERVICE COMPANY LLC,LLC / corporate,4 HILL RD,BELMONT,MA,02478,,,,,YES,,,,,2015-10-23,1,nominal / non-arms-length transfer,11,66271,339,362000,0,362000,1963,Condo,1,1397,,7,39-16-13,102,Residential Condominium,,,42.397586,-71.158804,"https://maps.google.com/?q=42.397586,-71.158804",F_748325_2970098,CY24_FY24
4,,absentee - owner elsewhere in Belmont,13-19 POND ST UNIT 15,15,Condominium,OAK REALTY & SERVICE COMPANY LLC,LLC / corporate,4 HILL RD,BELMONT,MA,02478,,,,,YES,,,,,2015-10-23,1,nominal / non-arms-length transfer,11,66271,339,362000,0,362000,1963,Condo,1,1397,,7,39-16-15,102,Residential Condominium,,,42.397586,-71.158804,"https://maps.google.com/?q=42.397586,-71.158804",F_748325_2970098,CY24_FY24
4,,absentee - owner elsewhere in Belmont,13-19 POND ST UNIT 17,17,Condominium,OAK REALTY & SERVICE COMPANY LLC,LLC / corporate,4 HILL RD,BELMONT,MA,02478,,,,,YES,,,,,2015-10-23,1,nominal / non-arms-length transfer,11,66271,339,362000,0,362000,1963,Condo,1,1397,,7,39-16-17,102,Residential Condominium,,,42.397586,-71.158804,"https://maps.google.com/?q=42.397586,-71.158804",F_748325_2970098,CY24_FY24
4,,absentee - owner elsewhere in Belmont,13-19 POND ST UNIT 19,19,Condominium,OAK REALTY & SERVICE COMPANY LLC,LLC / corporate,4 HILL RD,BELMONT,MA,02478,,,,,YES,,,,,2015-10-23,1,nominal / non-arms-length transfer,11,66271,339,362000,0,362000,1963,Condo,1,1397,,7,39-16-19,102,Residential Condominium,,,42.397586,-71.158804,"https://maps.google.com/?q=42.397586,-71.158804",F_748325_2970098,CY24_FY24
4,,absentee - elsewhere in MA,132 WHITE ST,,Two-family,132 WHITE STREET LLC,LLC / corporate,14 NICHOLS RD,LEXINGTON,MA,02420,,,,,YES,,,,,1977-09-23,56000,market sale,49,13292,598,1164000,663000,493000,1912,Old Style,2,3057,4979,7,27-138,104,Two-Family Residential,,,42.384652,-71.187627,"https://maps.google.com/?q=42.384652,-71.187627",F_740564_2965352,CY24_FY24
4,,absentee - elsewhere in MA,134 STONY BROOK RD,,Single family,20-22 BROOKLINE STREET LLC,LLC / corporate,26 YORK RD,WINCHESTER,MA,01890,,,,,YES,,,,,1966-03-22,37850,market sale,60,731,135,1278000,1006000,272000,1961,Cape Cod,1,2321,19919,8,74-64,101,Single Family Residential,,,42.414392,-71.194546,"https://maps.google.com/?q=42.414392,-71.194546",F_738630_2976172,CY24_FY24
4,,absentee - out of state,14 BAYBERRY LN UNIT 34,34,Condominium,ROWES WHARF LLC,LLC / corporate,940 INDIGO POINT,DELRAY BEACH,FL,33483,,,,,YES,,,,,2007-09-21,1355000,market sale,19,50127,120,1747000,0,1747000,2006,Condo,1,2952,,8,59-11-3-34,102,Residential Condominium,,,42.395916,-71.194069,"https://maps.google.com/?q=42.395916,-71.194069",F_738801_2969582,CY24_FY24
4,,absentee - owner elsewhere in Belmont,14-16 WINSLOW RD,,Two-family,KIMIFER PROPERTIES LLC,LLC / corporate,71 OLIVER RD,BELMONT,MA,02478,,,,,YES,,,,,2022-03-16,1,nominal / non-arms-length transfer,4,79832,3,1244000,788000,456000,1925,Old Style,2,2585,5180,7,12-52,104,Two-Family Residential,,,42.383091,-71.178566,"https://maps.google.com/?q=42.383091,-71.178566",F_743008_2964791,CY24_FY24
4,,absentee - owner elsewhere in Belmont,14-20 HILL RD UNIT 14,14,Condominium,OAK REALTY & SERVICE COMPANY LLC,LLC / corporate,4 HILL RD,BELMONT,MA,02478,,,,,YES,,,,,2015-10-23,1,nominal / non-arms-length transfer,11,66271,339,352000,0,352000,1963,Condo,1,1430,,7,39-19-14,102,Residential Condominium,,,42.397423,-71.158472,"https://maps.google.com/?q=42.397423,-71.158472",F_748415_2970039,CY24_FY24
4,,absentee - owner elsewhere in Belmont,14-20 HILL RD UNIT 16,16,Condominium,OAK REALTY & SERVICE COMPANY LLC,LLC / corporate,4 HILL RD,BELMONT,MA,02478,,,,,YES,,,,,2015-10-23,1,nominal / non-arms-length transfer,11,66271,339,352000,0,352000,1963,Condo,1,1430,,7,39-19-16,102,Residential Condominium,,,42.397423,-71.158472,"https://maps.google.com/?q=42.397423,-71.158472",F_748415_2970039,CY24_FY24
4,,absentee - owner elsewhere in Belmont,14-20 HILL RD UNIT 18,18,Condominium,OAK REALTY & SERVICE COMPANY LLC,LLC / corporate,4 HILL RD,BELMONT,MA,02478,,,,,YES,,,,,2015-10-23,1,nominal / non-arms-length transfer,11,66271,339,352000,0,352000,1963,Condo,1,1430,,7,39-19-18,102,Residential Condominium,,,42.397423,-71.158472,"https://maps.google.com/?q=42.397423,-71.158472",F_748415_2970039,CY24_FY24
4,,absentee - owner elsewhere in Belmont,14-20 HILL RD UNIT 20,20,Condominium,OAK REALTY & SERVICE COMPANY LLC,LLC / corporate,4 HILL RD,BELMONT,MA,02478,,,,,YES,,,,,2015-10-23,1,nominal / non-arms-length transfer,11,66271,339,352000,0,352000,1963,Condo,1,1430,,7,39-19-20,102,Residential Condominium,,,42.397423,-71.158472,"https://maps.google.com/?q=42.397423,-71.158472",F_748415_2970039,CY24_FY24
4,,absentee - owner elsewhere in Belmont,143-145 TRAPELO RD,,Two-family,143-145 TRAPELO ROAD LLC,LLC / corporate,15 CUMBERLAND RD,BELMONT,MA,02478,,,,,YES,,,,,2003-05-31,1,nominal / non-arms-length transfer,23,39390,159,1091000,696000,384000,1925,Old Style,2,2795,6050,7,12-127,104,Two-Family Residential,,,42.381534,-71.176506,"https://maps.google.com/?q=42.381534,-71.176506",F_743568_2964227,CY24_FY24
4,,absentee - owner elsewhere in Belmont,145-147 SYCAMORE ST,,Two-family,SYCAM STREET LLC,LLC / corporate,60 STONY BROOK RD,BELMONT,MA,02478,,,,,YES,,,,,2021-09-27,1,nominal / non-arms-length transfer,5,78785,344,684000,324000,360000,1920,Old Style,2,2136,2360,7,28-98,104,Two-Family Residential,,,42.385426,-71.193556,"https://maps.google.com/?q=42.385426,-71.193556",F_738948_2965647,CY24_FY24
4,,absentee - owner elsewhere in Belmont,15 HILL RD UNIT 15,15,Condominium,OAK REALTY & SERVICE COMPANY LLC,LLC / corporate,4 HILL RD,BELMONT,MA,02478,,,,,YES,,,,,2015-10-23,1,nominal / non-arms-length transfer,11,66271,339,274000,0,274000,1963,Condo,1,1597,,7,39-26-15,102,Residential Condominium,,,42.396817,-71.158324,"https://maps.google.com/?q=42.396817,-71.158324",F_748458_2969815,CY24_FY24
4,,absentee - elsewhere in MA,153 WATSON RD,,Single family,153 WATSON ROAD LLC,LLC / corporate,50 MILK ST FL16,BOSTON,MA,02109,,,,,YES,,,,,1979-03-16,0,nominal / non-arms-length transfer,47,13657,558,1769000,957000,808000,1860,Colonial,1,2473,5882,10,20-77,101,Single Family Residential,,,42.386845,-71.162159,"https://maps.google.com/?q=42.386845,-71.162159",F_747440_2966177,CY24_FY24
4,,absentee - owner elsewhere in Belmont,16-18 CHANNING RD,,"Mixed use, mostly residential",16-18 CHANNING ROAD LLC,LLC / corporate,92 PAYSON RD,BELMONT,MA,02478,,,,,YES,,,,,2020-02-25,1,nominal / non-arms-length transfer,6,74180,288,1390000,981000,409000,1926,Res/Comm,1,2640,6110,4,34-140,013,"Mixed Use (Primarily Residential, some Commercial)",,,42.396788,-71.175074,"https://maps.google.com/?q=42.396788,-71.175074",F_743933_2969788,CY24_FY24
4,,absentee - elsewhere in MA,16-18 SPRINGFIELD ST,,Two-family,CEZ PROPERTIES THREE LLC,LLC / corporate,410 NEWTONVILLE AVE,NEWTON,MA,02460,,,,,YES,,,,,1966-09-23,0,nominal / non-arms-length transfer,60,740,186,1423000,1016000,399000,1915,Old Style,2,2688,5092,7,2-90,104,Two-Family Residential,,,42.377494,-71.161468,"https://maps.google.com/?q=42.377494,-71.161468",F_747638_2962770,CY24_FY24
4,,absentee - owner elsewhere in Belmont,160 BEECH ST,,Two-family,160 BEECH STREET LLC,LLC / corporate,165 CLIFTON ST,BELMONT,MA,02478,,,,,YES,,,,,2008-01-14,1,nominal / non-arms-length transfer,18,1349,12,1118000,686000,421000,1915,Old Style,2,2852,4527,7,27-9,104,Two-Family Residential,,,42.386716,-71.183101,"https://maps.google.com/?q=42.386716,-71.183101",F_741780_2966107,CY24_FY24
4,,absentee - owner elsewhere in Belmont,17 HILL RD UNIT 17,17,Condominium,OAK REALTY & SERVICE COMPANY LLC,LLC / corporate,4 HILL RD,BELMONT,MA,02478,,,,,YES,,,,,2015-10-23,1,nominal / non-arms-length transfer,11,66271,339,274000,0,274000,1963,Condo,1,1597,,7,39-26-17,102,Residential Condominium,,,42.396817,-71.158324,"https://maps.google.com/?q=42.396817,-71.158324",F_748458_2969815,CY24_FY24
4,,absentee - owner elsewhere in Belmont,17-19 MARION RD,,Three-family,BELCP LLC,LLC / corporate,56 JUNIPER RD,BELMONT,MA,02478,,,,,YES,,,,,2016-05-20,1,nominal / non-arms-length transfer,10,67286,232,1476000,929000,547000,1912,Old Style,3,3667,3570,7,1-97,105,Three-Family Residential,,,42.376915,-71.157697,"https://maps.google.com/?q=42.376915,-71.157697",F_748657_2962562,CY24_FY24
4,,absentee - elsewhere in MA,18 ASH ST,,"Mixed use, mostly residential",18 ASH STREET LLC,LLC / corporate,8 OVERLOOK RD,STONEHAM,MA,02180,,,,,YES,,,,,1962-04-09,1,nominal / non-arms-length transfer,64,10014,26,983000,843000,140000,1920,Res/Comm,1,737,6774,7,30-28,013,"Mixed Use (Primarily Residential, some Commercial)",,,42.39109,-71.18085,"https://maps.google.com/?q=42.39109,-71.18085",F_742377_2967701,CY24_FY24
4,,absentee - owner elsewhere in Belmont,18-20 HOLDEN RD,,Two-family,LIM INVESTMENT MANAGEMENT LLC,LLC / corporate,73 GODEN STREET,BELMONT,MA,02478,,,,,YES,,,,,2008-10-29,1,nominal / non-arms-length transfer,18,51838,381,1120000,781000,335000,1925,Old Style,2,2616,5000,7,26-128,104,Two-Family Residential,,,42.38712,-71.180045,"https://maps.google.com/?q=42.38712,-71.180045",F_742603_2966257,CY24_FY24
4,,absentee - elsewhere in MA,18-20 MARION RD,,Three-family,18-20 MARION ROAD LLC,LLC / corporate,87 GEORGE STREET,ARLINGTON,MA,02476,,,,,YES,,,,,1985-09-20,0,nominal / non-arms-length transfer,41,16446,109,1407000,931000,476000,1911,Old Style,3,3646,3597,7,1-110,105,Three-Family Residential,,,42.377132,-71.158068,"https://maps.google.com/?q=42.377132,-71.158068",F_748556_2962642,CY24_FY24
4,,absentee - owner elsewhere in Belmont,18-24 POND ST UNIT 18,18,Condominium,OAK REALTY & SERVICE COMPANY LLC,LLC / corporate,4 HILL RD,BELMONT,MA,02478,,,,,YES,,,,,2015-10-23,1,nominal / non-arms-length transfer,11,66271,339,360000,0,360000,1963,Condo,1,1384,,7,39-3-18,102,Residential Condominium,,,42.398047,-71.158899,"https://maps.google.com/?q=42.398047,-71.158899",F_748282_2970254,CY24_FY24
4,,absentee - owner elsewhere in Belmont,18-24 POND ST UNIT 20,20,Condominium,OAK REALTY & SERVICE COMPANY LLC,LLC / corporate,4 HILL RD,BELMONT,MA,02478,,,,,YES,,,,,2015-10-23,1,nominal / non-arms-length transfer,11,66271,339,362000,0,362000,1963,Condo,1,1398,,7,39-3-20,102,Residential Condominium,,,42.398047,-71.158899,"https://maps.google.com/?q=42.398047,-71.158899",F_748282_2970254,CY24_FY24
4,,absentee - owner elsewhere in Belmont,18-24 POND ST UNIT 22,22,Condominium,OAK REALTY & SERVICE COMPANY LLC,LLC / corporate,4 HILL RD,BELMONT,MA,02478,,,,,YES,,,,,2015-10-23,1,nominal / non-arms-length transfer,11,66271,339,362000,0,362000,1963,Condo,1,1398,,7,39-3-22,102,Residential Condominium,,,42.398047,-71.158899,"https://maps.google.com/?q=42.398047,-71.158899",F_748282_2970254,CY24_FY24
4,,absentee - owner elsewhere in Belmont,18-24 POND ST UNIT 24,24,Condominium,OAK REALTY & SERVICE COMPANY LLC,LLC / corporate,4 HILL RD,BELMONT,MA,02478,,,,,YES,,,,,2015-10-23,1,nominal / non-arms-length transfer,11,66271,339,360000,0,360000,1963,Condo,1,1384,,7,39-3-24,102,Residential Condominium,,,42.398047,-71.158899,"https://maps.google.com/?q=42.398047,-71.158899",F_748282_2970254,CY24_FY24
4,,absentee - owner elsewhere in Belmont,19 HILL RD UNIT 19,19,Condominium,OAK REALTY & SERVICE COMPANY LLC,LLC / corporate,4 HILL RD,BELMONT,MA,02478,,,,,YES,,,,,2015-10-23,1,nominal / non-arms-length transfer,11,66271,339,258000,0,258000,1963,Condo,1,1390,,7,39-26-19,102,Residential Condominium,,,42.396817,-71.158324,"https://maps.google.com/?q=42.396817,-71.158324",F_748458_2969815,CY24_FY24
4,,absentee - owner elsewhere in Belmont,19 WINSLOW RD,,Two-family,KIMIFER PROPERTIES LLC,LLC / corporate,71 OLIVER RD,BELMONT,MA,02478,,,,,YES,,,,,2022-03-16,1,nominal / non-arms-length transfer,4,79832,42,1202000,795000,394000,1938,Old Style,2,2367,5354,7,12-45,104,Two-Family Residential,,,42.383216,-71.17806,"https://maps.google.com/?q=42.383216,-71.17806",F_743147_2964837,CY24_FY24
4,,absentee - owner elsewhere in Belmont,197-199 WHITE ST,,Two-family,BELCP LLC,LLC / corporate,56 JUNIPER RD,BELMONT,MA,02478,,,,,YES,,,,,2016-05-20,1,nominal / non-arms-length transfer,10,67286,250,1157000,663000,487000,1925,Old Style,2,3071,4982,7,15-182,104,Two-Family Residential,,,42.382372,-71.187684,"https://maps.google.com/?q=42.382372,-71.187684",F_740545_2964519,CY24_FY24
4,,absentee - elsewhere in MA,20-22 BENJAMIN RD,,Two-family,GRIHAM LLC,LLC / corporate,24 PARKER ST,LEXINGTON,MA,02421,,,,,YES,,,,,1978-09-01,77500,market sale,48,13530,598,1441000,731000,710000,1925,Old Style,2,2774,3825,7,26-6,104,Two-Family Residential,,,42.389584,-71.178957,"https://maps.google.com/?q=42.389584,-71.178957",F_742894_2967156,CY24_FY24
4,,absentee - elsewhere in MA (PO Box),20-22 CROSS ST,,Two-family,RPZ REALTY SERIES LLC,LLC / corporate,PO BOX 35309,BRIGHTON,MA,02135,,,,,YES,,,,,1994-11-08,225000,market sale,32,24980,488,997000,665000,323000,1937,Old Style,2,2258,5040,10,34-116,104,Two-Family Residential,,,42.397262,-71.173521,"https://maps.google.com/?q=42.397262,-71.173521",F_744352_2969962,CY24_FY24
4,,absentee - owner elsewhere in Belmont,20-22 LORING ST,,Two-family,PQ REALTY LLC,LLC / corporate,415 MARSH ST,BELMONT,MA,02478,,,,,YES,,,,,2018-05-18,1,nominal / non-arms-length transfer,8,1526,122,1036000,739000,296000,1920,Old Style,2,1822,3998,7,15-62,104,Two-Family Residential,,,42.383221,-71.186478,"https://maps.google.com/?q=42.383221,-71.186478",F_740872_2964831,CY24_FY24
4,,absentee - owner elsewhere in Belmont,21 HILL RD UNIT 21,21,Condominium,OAK REALTY & SERVICE COMPANY LLC,LLC / corporate,4 HILL RD,BELMONT,MA,02478,,,,,YES,,,,,2015-10-23,1,nominal / non-arms-length transfer,11,66271,339,258000,0,258000,1963,Condo,1,1390,,7,39-26-21,102,Residential Condominium,,,42.396817,-71.158324,"https://maps.google.com/?q=42.396817,-71.158324",F_748458_2969815,CY24_FY24
4,,absentee - owner elsewhere in Belmont,21 TROY RD,,Single family,21 TROY ROAD LIMITED PARTNERSHIP,LLC / corporate,64 FLETCHER RD,BELMONT,MA,02478,,,,,YES,,,,,2002-11-29,1,nominal / non-arms-length transfer,24,37212,23,1085000,916000,169000,1950,Cape Cod,1,1152,9435,10,38-27,101,Single Family Residential,,,42.39714,-71.160919,"https://maps.google.com/?q=42.39714,-71.160919",F_747756_2969929,CY24_FY24
4,,absentee - owner elsewhere in Belmont,21-27 POND ST UNIT 21,21,Condominium,OAK REALTY & SERVICE COMPANY LLC,LLC / corporate,4 HILL RD,BELMONT,MA,02478,,,,,YES,,,,,2015-10-23,1,nominal / non-arms-length transfer,11,66271,339,361000,0,361000,1963,Condo,1,1391,,7,39-15-21,102,Residential Condominium,,,42.397762,-71.158479,"https://maps.google.com/?q=42.397762,-71.158479",F_748412_2970163,CY24_FY24
4,,absentee - owner elsewhere in Belmont,21-27 POND ST UNIT 23,23,Condominium,OAK REALTY & SERVICE COMPANY LLC,LLC / corporate,4 HILL RD,BELMONT,MA,02478,,,,,YES,,,,,2015-10-23,1,nominal / non-arms-length transfer,11,66271,339,361000,0,361000,1963,Condo,1,1391,,7,39-15-23,102,Residential Condominium,,,42.397762,-71.158479,"https://maps.google.com/?q=42.397762,-71.158479",F_748412_2970163,CY24_FY24
4,,absentee - owner elsewhere in Belmont,21-27 POND ST UNIT 25,25,Condominium,OAK REALTY & SERVICE COMPANY LLC,LLC / corporate,4 HILL RD,BELMONT,MA,02478,,,,,YES,,,,,2015-10-23,1,nominal / non-arms-length transfer,11,66271,339,361000,0,361000,1963,Condo,1,1391,,7,39-15-25,102,Residential Condominium,,,42.397762,-71.158479,"https://maps.google.com/?q=42.397762,-71.158479",F_748412_2970163,CY24_FY24
4,,absentee - owner elsewhere in Belmont,21-27 POND ST UNIT 27,27,Condominium,OAK REALTY & SERVICE COMPANY LLC,LLC / corporate,4 HILL RD,BELMONT,MA,02478,,,,,YES,,,,,2015-10-23,1,nominal / non-arms-length transfer,11,66271,339,361000,0,361000,1963,Condo,1,1391,,7,39-15-27,102,Residential Condominium,,,42.397762,-71.158479,"https://maps.google.com/?q=42.397762,-71.158479",F_748412_2970163,CY24_FY24
4,,absentee - owner elsewhere in Belmont,22 VALE RD UNIT 22,22,Condominium,OAK REALTY & SERVICE COMPANY LLC,LLC / corporate,4 HILL RD,BELMONT,MA,02478,,,,,YES,,,,,2015-10-23,1,nominal / non-arms-length transfer,11,66271,339,258000,0,258000,1963,Condo,1,1390,,7,39-25-22,102,Residential Condominium,,,42.396896,-71.157899,"https://maps.google.com/?q=42.396896,-71.157899",F_748573_2969844,CY24_FY24
4,,absentee - owner elsewhere in Belmont,22-24 HOLDEN RD,,Two-family,LUNA PROPERTIES LLC,LLC / corporate,136 FLETCHER RD,BELMONT,MA,02478,,,,,YES,,,,,1998-05-12,1,nominal / non-arms-length transfer,28,28563,397,1079000,781000,289000,1927,Old Style,2,2588,5000,7,26-129,104,Two-Family Residential,,,42.387232,-71.180154,"https://maps.google.com/?q=42.387232,-71.180154",F_742574_2966298,CY24_FY24
4,,absentee - owner elsewhere in Belmont,22-28 HILL RD UNIT 22,22,Condominium,OAK REALTY & SERVICE COMPANY LLC,LLC / corporate,4 HILL RD,BELMONT,MA,02478,,,,,YES,,,,,2015-10-23,1,nominal / non-arms-length transfer,11,66271,331,352000,0,352000,1963,Condo,1,1430,,7,39-20-22,102,Residential Condominium,,,42.397564,-71.158146,"https://maps.google.com/?q=42.397564,-71.158146",F_748503_2970091,CY24_FY24
4,,absentee - owner elsewhere in Belmont,22-28 HILL RD UNIT 24,24,Condominium,OAK REALTY & SERVICE COMPANY LLC,LLC / corporate,4 HILL RD,BELMONT,MA,02478,,,,,YES,,,,,2015-10-23,1,nominal / non-arms-length transfer,11,66271,339,352000,0,352000,1963,Condo,1,1430,,7,39-20-24,102,Residential Condominium,,,42.397564,-71.158146,"https://maps.google.com/?q=42.397564,-71.158146",F_748503_2970091,CY24_FY24
4,,absentee - owner elsewhere in Belmont,22-28 HILL RD UNIT 26,26,Condominium,OAK REALTY & SERVICE COMPANY LLC,LLC / corporate,4 HILL RD,BELMONT,MA,02478,,,,,YES,,,,,2015-10-23,1,nominal / non-arms-length transfer,11,66271,339,352000,0,352000,1963,Condo,1,1430,,7,39-20-26,102,Residential Condominium,,,42.397564,-71.158146,"https://maps.google.com/?q=42.397564,-71.158146",F_748503_2970091,CY24_FY24
4,,absentee - owner elsewhere in Belmont,22-28 HILL RD UNIT 28,28,Condominium,OAK REALTY & SERVICE COMPANY LLC,LLC / corporate,4 HILL RD,BELMONT,MA,02478,,,,,YES,,,,,2015-10-23,1,nominal / non-arms-length transfer,11,66271,339,352000,0,352000,1963,Condo,1,1430,,7,39-20-28,102,Residential Condominium,,,42.397564,-71.158146,"https://maps.google.com/?q=42.397564,-71.158146",F_748503_2970091,CY24_FY24
4,,absentee - owner elsewhere in Belmont,23 HILL RD UNIT 23,23,Condominium,OAK REALTY & SERVICE COMPANY LLC,LLC / corporate,4 HILL RD,BELMONT,MA,02478,,,,,YES,,,,,2015-10-23,1,nominal / non-arms-length transfer,11,66271,339,258000,0,258000,1963,Condo,1,1390,,7,39-25-23,102,Residential Condominium,,,42.396896,-71.157899,"https://maps.google.com/?q=42.396896,-71.157899",F_748573_2969844,CY24_FY24
4,,absentee - elsewhere in MA (PO Box),23-25 FOSTER RD,,Two-family,RPZ REALTY LAND TRUST LLC TRS,LLC / corporate,PO BOX 35130,BRIGHTON,MA,02135,,,,YES,YES,,,,,2010-09-29,685000,market sale,16,55484,369,1478000,1000000,470000,1928,Old Style,2,2896,7017,7,10-143,104,Two-Family Residential,,,42.381122,-71.159781,"https://maps.google.com/?q=42.381122,-71.159781",F_748087_2964093,CY24_FY24
4,,absentee - elsewhere in MA,235-237 WHITE ST,,Two-family,MORWENNA LLC,LLC / corporate,32 MEAD STREET UNIT 1,CHARLESTOWN,MA,02129,,,,,YES,,,,,1984-09-14,0,nominal / non-arms-length transfer,42,15783,414,940000,644000,292000,1910,Old Style,2,2434,4425,7,15-150,104,Two-Family Residential,,,42.380836,-71.187412,"https://maps.google.com/?q=42.380836,-71.187412",F_740621_2963960,CY24_FY24
4,,absentee - owner elsewhere in Belmont,24 LORING ST,,Single family,PQ REALTY LLC,LLC / corporate,415 MARSH,BELMONT,MA,02478,,,,,YES,,,,,2001-11-01,1,nominal / non-arms-length transfer,25,1244,98,927000,739000,188000,1953,Bungalow,1,1032,4000,7,15-63,101,Single Family Residential,,,42.383269,-71.186305,"https://maps.google.com/?q=42.383269,-71.186305",F_740918_2964848,CY24_FY24
4,,absentee - elsewhere in MA,24 PAYSON RD,,Apartments (4-8 units),24 PAYSON ROAD LLC,LLC / corporate,87 CEDAR ST,LEXINGTON,MA,02421,,,,,YES,,,,,1991-07-22,150000,market sale,35,21301,254,1787000,1092000,679000,1935,Colonial,4,4172,23144,7,6-166,111,Apartments with Four to Eight Units,,,42.382909,-71.17401,"https://maps.google.com/?q=42.382909,-71.17401",F_744239_2964732,CY24_FY24
4,,absentee - owner elsewhere in Belmont,24 VALE RD UNIT 24,24,Condominium,OAK REALTY & SERVICE COMPANY LLC,LLC / corporate,4 HILL RD,BELMONT,MA,02478,,,,,YES,,,,,2015-10-23,1,nominal / non-arms-length transfer,11,66271,339,258000,0,258000,1963,Condo,1,1390,,7,39-25-24,102,Residential Condominium,,,42.396896,-71.157899,"https://maps.google.com/?q=42.396896,-71.157899",F_748573_2969844,CY24_FY24
4,,absentee - owner elsewhere in Belmont,25 FALMOUTH ST,,Apartments (4-8 units),25 FALMOUTH LLC,LLC / corporate,60 LONG AVE,BELMONT,MA,02478,,,,,YES,,,,,2013-10-09,1,nominal / non-arms-length transfer,13,62759,531,2009000,1457000,552000,1911,Old Style,6,6750,5939,7,2-53,111,Apartments with Four to Eight Units,,,42.3778,-71.160262,"https://maps.google.com/?q=42.3778,-71.160262",F_747961_2962883,CY24_FY24
4,,absentee - owner elsewhere in Belmont,25 HILL RD UNIT 25,25,Condominium,OAK REALTY & SERVICE COMPANY LLC,LLC / corporate,4 HILL RD,BELMONT,MA,02478,,,,,YES,,,,,2015-10-23,1,nominal / non-arms-length transfer,11,66271,339,258000,0,258000,1963,Condo,1,1390,,7,39-25-25,102,Residential Condominium,,,42.396896,-71.157899,"https://maps.google.com/?q=42.396896,-71.157899",F_748573_2969844,CY24_FY24
4,,absentee - owner elsewhere in Belmont,26-32 POND ST UNIT 26,26,Condominium,OAK REALTY & SERVICE COMPANY LLC,LLC / corporate,4 HILL RD,BELMONT,MA,02478,,,,,YES,,,,,2015-10-23,1,nominal / non-arms-length transfer,11,66271,339,362000,0,362000,1963,Condo,1,1398,,7,39-4-26,102,Residential Condominium,,,42.398226,-71.158616,"https://maps.google.com/?q=42.398226,-71.158616",F_748360_2970324,CY24_FY24
4,,absentee - owner elsewhere in Belmont,26-32 POND ST UNIT 28,28,Condominium,OAK REALTY & SERVICE COMPANY LLC,LLC / corporate,4 HILL RD,BELMONT,MA,02478,,,,,YES,,,,,2015-10-23,1,nominal / non-arms-length transfer,11,66271,339,362000,0,362000,1963,Condo,1,1398,,7,39-4-28,102,Residential Condominium,,,42.398226,-71.158616,"https://maps.google.com/?q=42.398226,-71.158616",F_748360_2970324,CY24_FY24
4,,absentee - owner elsewhere in Belmont,26-32 POND ST UNIT 30,30,Condominium,OAK REALTY & SERVICE COMPANY LLC,LLC / corporate,4 HILL RD,BELMONT,MA,02478,,,,,YES,,,,,2015-10-23,1,nominal / non-arms-length transfer,11,66271,339,362000,0,362000,1963,Condo,1,1398,,7,39-4-30,102,Residential Condominium,,,42.398226,-71.158616,"https://maps.google.com/?q=42.398226,-71.158616",F_748360_2970324,CY24_FY24
4,,absentee - owner elsewhere in Belmont,26-32 POND ST UNIT 32,32,Condominium,OAK REALTY & SERVICE COMPANY LLC,LLC / corporate,4 HILL RD,BELMONT,MA,02478,,,,,YES,,,,,2015-10-23,1,nominal / non-arms-length transfer,11,66271,339,362000,0,362000,1963,Condo,1,1398,,7,39-4-32,102,Residential Condominium,,,42.398226,-71.158616,"https://maps.google.com/?q=42.398226,-71.158616",F_748360_2970324,CY24_FY24
4,,absentee - owner elsewhere in Belmont,27 HILL RD UNIT 27,27,Condominium,OAK REALTY & SERVICE COMPANY LLC,LLC / corporate,4 HILL RD,BELMONT,MA,02478,,,,,YES,,,,,2015-10-23,1,nominal / non-arms-length transfer,11,66271,339,258000,0,258000,1963,Condo,1,1390,,7,39-25-27,102,Residential Condominium,,,42.396896,-71.157899,"https://maps.google.com/?q=42.396896,-71.157899",F_748573_2969844,CY24_FY24
4,,absentee - owner elsewhere in Belmont,27 LAMOINE ST,,Single family,TL LAMOINE LLC,LLC / corporate,10 ADAMS ST,BELMONT,MA,02478,,,,,YES,,,,,2022-09-30,1,nominal / non-arms-length transfer,4,80777,242,1072000,775000,295000,1957,Garrison,1,1344,4839,10,53-13,101,Single Family Residential,,,42.409902,-71.179342,"https://maps.google.com/?q=42.409902,-71.179342",F_742761_2974563,CY24_FY24
4,,absentee - owner elsewhere in Belmont,27-29 WALNUT ST,,Two-family,FREEHOLD LLC,LLC / corporate,57 RALEIGH RD,BELMONT,MA,02478,,,,,YES,,,,,2023-03-28,1,nominal / non-arms-length transfer,3,81370,67,1177000,729000,440000,1918,Old Style,2,2497,3780,7,14-168,104,Two-Family Residential,,,42.384429,-71.184217,"https://maps.google.com/?q=42.384429,-71.184217",F_741481_2965272,CY24_FY24
4,,absentee - owner elsewhere in Belmont,270 SOMERSET ST,,Single family,BELCP LLC,LLC / corporate,56 JUNIPER RD,BELMONT,MA,02478,,,,,YES,,,,,2007-09-28,10,nominal / non-arms-length transfer,19,1345,11,1998000,1402000,596000,1964,Colonial,1,2800,40337,8,63-4,101,Single Family Residential,,,42.400914,-71.186429,"https://maps.google.com/?q=42.400914,-71.186429",F_740862_2971272,CY24_FY24
4,,absentee - owner elsewhere in Belmont,287 WASHINGTON ST,,Single family,BELCP LLC,LLC / corporate,56 JUNIPER RD,BELMONT,MA,02478,,,,,YES,,,,,2016-05-20,1,nominal / non-arms-length transfer,10,67286,246,1216000,877000,339000,1949,Cape Cod,1,1433,6323,10,9-152,101,Single Family Residential,,,42.386295,-71.161632,"https://maps.google.com/?q=42.386295,-71.161632",F_747580_2965975,CY24_FY24
4,,absentee - owner elsewhere in Belmont,29 HILL RD UNIT 29,29,Condominium,OAK REALTY & SERVICE COMPANY LLC,LLC / corporate,4 HILL RD,BELMONT,MA,02478,,,,,YES,,,,,2015-10-23,1,nominal / non-arms-length transfer,11,66271,339,258000,0,258000,1963,Condo,1,1390,,7,39-25-29,102,Residential Condominium,,,42.396896,-71.157899,"https://maps.google.com/?q=42.396896,-71.157899",F_748573_2969844,CY24_FY24
4,,absentee - elsewhere in MA,29-31 FOSTER RD,,Two-family,RPZ TR REALTY LAND TRUST LLC,LLC / corporate,455 WASHINGTON ST,BRIGHTON,MA,02135,,,,YES,YES,,,,,2019-09-26,1100000,market sale,7,73352,114,1220000,1003000,209000,1928,Old Style,2,2946,7084,7,10-142,104,Two-Family Residential,,,42.380961,-71.159801,"https://maps.google.com/?q=42.380961,-71.159801",F_748082_2964035,CY24_FY24
4,,absentee - owner elsewhere in Belmont,29-35 POND ST UNIT 29,29,Condominium,OAK REALTY & SERVICE COMPANY LLC,LLC / corporate,4 HILL RD,BELMONT,MA,02478,,,,,YES,,,,,2015-10-23,1,nominal / non-arms-length transfer,11,66271,339,361000,0,361000,1963,Condo,1,1391,,7,39-14-29,102,Residential Condominium,,,42.397932,-71.158189,"https://maps.google.com/?q=42.397932,-71.158189",F_748488_2970223,CY24_FY24
4,,absentee - owner elsewhere in Belmont,29-35 POND ST UNIT 31,31,Condominium,OAK REALTY & SERVICE COMPANY LLC,LLC / corporate,4 HILL RD,BELMONT,MA,02478,,,,,YES,,,,,2015-10-23,1,nominal / non-arms-length transfer,11,66271,339,361000,0,361000,1963,Condo,1,1391,,7,39-14-31,102,Residential Condominium,,,42.397932,-71.158189,"https://maps.google.com/?q=42.397932,-71.158189",F_748488_2970223,CY24_FY24
4,,absentee - owner elsewhere in Belmont,29-35 POND ST UNIT 33,33,Condominium,OAK REALTY & SERVICE COMPANY LLC,LLC / corporate,4 HILL RD,BELMONT,MA,02478,,,,,YES,,,,,2015-10-23,1,nominal / non-arms-length transfer,11,66271,339,361000,0,361000,1963,Condo,1,1391,,7,39-14-33,102,Residential Condominium,,,42.397932,-71.158189,"https://maps.google.com/?q=42.397932,-71.158189",F_748488_2970223,CY24_FY24
4,,absentee - owner elsewhere in Belmont,29-35 POND ST UNIT 35,35,Condominium,OAK REALTY & SERVICE COMPANY LLC,LLC / corporate,4 HILL RD,BELMONT,MA,02478,,,,,YES,,,,,2015-10-23,1,nominal / non-arms-length transfer,11,66271,339,361000,0,361000,1963,Condo,1,1391,,7,39-14-35,102,Residential Condominium,,,42.397932,-71.158189,"https://maps.google.com/?q=42.397932,-71.158189",F_748488_2970223,CY24_FY24
4,,absentee - owner elsewhere in Belmont,30-36 HILL RD UNIT 30,30,Condominium,OAK REALTY & SERVICE COMPANY LLC,LLC / corporate,4 HILL RD,BELMONT,MA,02478,,,,,YES,,,,,2015-10-23,1,nominal / non-arms-length transfer,11,66271,339,352000,0,352000,1963,Condo,1,1430,,7,39-21-30,102,Residential Condominium,,,42.39771,-71.157831,"https://maps.google.com/?q=42.39771,-71.157831",F_748588_2970144,CY24_FY24
4,,absentee - owner elsewhere in Belmont,30-36 HILL RD UNIT 32,32,Condominium,OAK REALTY & SERVICE COMPANY LLC,LLC / corporate,4 HILL RD,BELMONT,MA,02478,,,,,YES,,,,,2015-10-23,1,nominal / non-arms-length transfer,11,66271,339,352000,0,352000,1963,Condo,1,1430,,7,39-21-32,102,Residential Condominium,,,42.39771,-71.157831,"https://maps.google.com/?q=42.39771,-71.157831",F_748588_2970144,CY24_FY24
4,,absentee - owner elsewhere in Belmont,30-36 HILL RD UNIT 34,34,Condominium,OAK REALTY & SERVICE COMPANY LLC,LLC / corporate,4 HILL RD,BELMONT,MA,02478,,,,,YES,,,,,2015-10-23,1,nominal / non-arms-length transfer,11,66271,339,352000,0,352000,1963,Condo,1,1430,,7,39-21-34,102,Residential Condominium,,,42.39771,-71.157831,"https://maps.google.com/?q=42.39771,-71.157831",F_748588_2970144,CY24_FY24
4,,absentee - owner elsewhere in Belmont,30-36 HILL RD UNIT 36,36,Condominium,OAK REALTY & SERVICE COMPANY LLC,LLC / corporate,4 HILL RD,BELMONT,MA,02478,,,,,YES,,,,,2015-10-23,1,nominal / non-arms-length transfer,11,66271,339,352000,0,352000,1963,Condo,1,1430,,7,39-21-36,102,Residential Condominium,,,42.39771,-71.157831,"https://maps.google.com/?q=42.39771,-71.157831",F_748588_2970144,CY24_FY24
4,,absentee - owner elsewhere in Belmont,300 COMMON ST,,Single family,HILLSBOROUGH ASSET MANAGEMENT LLC,LLC / corporate,14 LAWNDALE ST,BELMONT,MA,02478,,,,,YES,,,,,2017-05-17,1,nominal / non-arms-length transfer,9,69290,280,1533000,1051000,469000,1927,Colonial,1,2496,8582,10,18-139,101,Single Family Residential,,,42.386421,-71.174622,"https://maps.google.com/?q=42.386421,-71.174622",F_744068_2966007,CY24_FY24
4,,absentee - owner elsewhere in Belmont,306 CHANNING RD,,Single family,FOURTEEN TRAPELO RD LIMITED PARTNERSHIP,LLC / corporate,64 FLETCHER RD,BELMONT,MA,02478,,,,,YES,,,,,1997-03-05,1,nominal / non-arms-length transfer,29,27112,409,1394000,873000,511000,1971,Split-Level,1,1943,7775,10,38-33-A,101,Single Family Residential,,,42.396808,-71.161071,"https://maps.google.com/?q=42.396808,-71.161071",F_747716_2969808,CY24_FY24
4,,absentee - elsewhere in MA (PO Box),31 FIELDMONT RD,,Single family,EMERSON REALTY INC,LLC / corporate,P O BOX 541515,WALTHAM,MA,02454,,,,,YES,,,,,1996-01-10,885000,market sale,30,1150,140,4423000,1485000,2887000,1940,Colonial,1,4746,29739,9,49-7,101,Single Family Residential,,,42.405337,-71.173588,"https://maps.google.com/?q=42.405337,-71.173588",F_744326_2972903,CY24_FY24
4,,absentee - owner elsewhere in Belmont,31 HILL RD UNIT 31,31,Condominium,OAK REALTY & SERVICE COMPANY LLC,LLC / corporate,4 HILL RD,BELMONT,MA,02478,,,,,YES,,,,,2015-10-23,1,nominal / non-arms-length transfer,11,66271,339,274000,0,274000,1963,Condo,1,1597,,7,39-25-31,102,Residential Condominium,,,42.396896,-71.157899,"https://maps.google.com/?q=42.396896,-71.157899",F_748573_2969844,CY24_FY24
4,,absentee - elsewhere in MA,31 PAYSON RD,,Two-family,RHMB LLC,LLC / corporate,106 SIMON WILLARD RD,CONCORD,MA,01742,,,,,YES,,,,,1969-05-15,0,nominal / non-arms-length transfer,57,11678,491,1337000,845000,481000,1923,Old Style,2,2752,8307,7,6-184,104,Two-Family Residential,,,42.382245,-71.173901,"https://maps.google.com/?q=42.382245,-71.173901",F_744268_2964492,CY24_FY24
4,,absentee - owner elsewhere in Belmont,33 HILL RD UNIT 33,33,Condominium,OAK REALTY & SERVICE COMPANY LLC,LLC / corporate,4 HILL RD,BELMONT,MA,02478,,,,,YES,,,,,2015-10-23,1,nominal / non-arms-length transfer,11,66271,339,274000,0,274000,1963,Condo,1,1597,,7,39-25-33,102,Residential Condominium,,,42.396896,-71.157899,"https://maps.google.com/?q=42.396896,-71.157899",F_748573_2969844,CY24_FY24
4,,absentee - owner elsewhere in Belmont,34-40 POND ST UNIT 34,34,Condominium,OAK REALTY & SERVICE COMPANY LLC,LLC / corporate,4 HILL RD,BELMONT,MA,02478,,,,,YES,,,,,2015-10-23,1,nominal / non-arms-length transfer,11,66271,339,362000,0,362000,1963,Condo,1,1398,,7,39-5-34,102,Residential Condominium,,,42.398412,-71.158329,"https://maps.google.com/?q=42.398412,-71.158329",F_748436_2970390,CY24_FY24
4,,absentee - owner elsewhere in Belmont,34-40 POND ST UNIT 36,36,Condominium,OAK REALTY & SERVICE COMPANY LLC,LLC / corporate,4 HILL RD,BELMONT,MA,02478,,,,,YES,,,,,2015-10-23,1,nominal / non-arms-length transfer,11,66271,339,362000,0,362000,1963,Condo,1,1398,,7,39-5-36,102,Residential Condominium,,,42.398412,-71.158329,"https://maps.google.com/?q=42.398412,-71.158329",F_748436_2970390,CY24_FY24
4,,absentee - owner elsewhere in Belmont,34-40 POND ST UNIT 38,38,Condominium,OAK REALTY & SERVICE COMPANY LLC,LLC / corporate,4 HILL RD,BELMONT,MA,02478,,,,,YES,,,,,2015-10-23,1,nominal / non-arms-length transfer,11,66271,339,362000,0,362000,1963,Condo,1,1398,,7,39-5-38,102,Residential Condominium,,,42.398412,-71.158329,"https://maps.google.com/?q=42.398412,-71.158329",F_748436_2970390,CY24_FY24
4,,absentee - owner elsewhere in Belmont,34-40 POND ST UNIT 40,40,Condominium,OAK REALTY & SERVICE COMPANY LLC,LLC / corporate,4 HILL RD,BELMONT,MA,02478,,,,,YES,,,,,2015-10-23,1,nominal / non-arms-length transfer,11,66271,339,362000,0,362000,1963,Condo,1,1398,,7,39-5-40,102,Residential Condominium,,,42.398412,-71.158329,"https://maps.google.com/?q=42.398412,-71.158329",F_748436_2970390,CY24_FY24
4,,absentee - owner elsewhere in Belmont,346 CROSS ST,,Single family,EMMA REALTY LLC,LLC / corporate,16 STATLER RD,BELMONT,MA,02478,,,,,YES,,,,,2010-09-27,1,nominal / non-arms-length transfer,16,55455,327,1149000,720000,429000,1937,Colonial,1,1872,6907,10,45-4,101,Single Family Residential,,,42.403267,-71.160438,"https://maps.google.com/?q=42.403267,-71.160438",F_747876_2972165,CY24_FY24
4,,absentee - owner elsewhere in Belmont,35 HILL RD UNIT 35,35,Condominium,OAK REALTY & SERVICE COMPANY LLC,LLC / corporate,4 HILL RD,BELMONT,MA,02478,,,,,YES,,,,,2015-10-23,1,nominal / non-arms-length transfer,11,66271,339,258000,0,258000,1963,Condo,1,1390,,7,39-25-35,102,Residential Condominium,,,42.396896,-71.157899,"https://maps.google.com/?q=42.396896,-71.157899",F_748573_2969844,CY24_FY24
4,,absentee - owner elsewhere in Belmont,37 HILL RD UNIT 37,37,Condominium,OAK REALTY & SERVICE COMPANY LLC,LLC / corporate,4 HILL RD,BELMONT,MA,02478,,,,,YES,,,,,2015-10-23,1,nominal / non-arms-length transfer,11,66271,339,258000,0,258000,1963,Condo,1,1390,,7,39-25-37,102,Residential Condominium,,,42.396896,-71.157899,"https://maps.google.com/?q=42.396896,-71.157899",F_748573_2969844,CY24_FY24
4,,absentee - elsewhere in MA,37 SUMMIT RD UNIT 15,15,Condominium,MARE PROPERTIES LLC,LLC / corporate,10 UNION ST SUITE 2B,NATICK,MA,01760,,,,,YES,,,,,1980-10-01,1,nominal / non-arms-length transfer,46,14084,272,1594000,0,1594000,2005,Condo,1,2779,,8,59-11-2-15,102,Residential Condominium,,,42.397679,-71.19228,"https://maps.google.com/?q=42.397679,-71.19228",F_739335_2970091,CY24_FY24
4,,absentee - owner elsewhere in Belmont,37-43 POND ST UNIT 37,37,Condominium,OAK REALTY & SERVICE COMPANY LLC,LLC / corporate,4 HILL RD,BELMONT,MA,02478,,,,,YES,,,,,2015-10-23,1,nominal / non-arms-length transfer,11,66271,339,361000,0,361000,1963,Condo,1,1391,,7,39-13-37,102,Residential Condominium,,,42.398111,-71.157911,"https://maps.google.com/?q=42.398111,-71.157911",F_748556_2970284,CY24_FY24
4,,absentee - owner elsewhere in Belmont,37-43 POND ST UNIT 39,39,Condominium,OAK REALTY & SERVICE COMPANY LLC,LLC / corporate,4 HILL RD,BELMONT,MA,02478,,,,,YES,,,,,2015-10-23,1,nominal / non-arms-length transfer,11,66271,339,360000,0,360000,1963,Condo,1,1377,,7,39-13-39,102,Residential Condominium,,,42.398111,-71.157911,"https://maps.google.com/?q=42.398111,-71.157911",F_748556_2970284,CY24_FY24
4,,absentee - owner elsewhere in Belmont,37-43 POND ST UNIT 41,41,Condominium,OAK REALTY & SERVICE COMPANY LLC,LLC / corporate,4 HILL RD,BELMONT,MA,02478,,,,,YES,,,,,2015-10-23,1,nominal / non-arms-length transfer,11,66271,339,360000,0,360000,1963,Condo,1,1377,,7,39-13-41,102,Residential Condominium,,,42.398111,-71.157911,"https://maps.google.com/?q=42.398111,-71.157911",F_748556_2970284,CY24_FY24
4,,absentee - owner elsewhere in Belmont,37-43 POND ST UNIT 43,43,Condominium,OAK REALTY & SERVICE COMPANY LLC,LLC / corporate,4 HILL RD,BELMONT,MA,02478,,,,,YES,,,,,2015-10-23,1,nominal / non-arms-length transfer,11,66271,339,361000,0,361000,1963,Condo,1,1391,,7,39-13-43,102,Residential Condominium,,,42.398111,-71.157911,"https://maps.google.com/?q=42.398111,-71.157911",F_748556_2970284,CY24_FY24
4,,absentee - elsewhere in MA,38 WELLESLEY RD,,Single family,THIRTY EIGHT WELLESLEY ROAD LLC,LLC / corporate,83 MAPLE ST,MELROSE,MA,02176,,,,,YES,,,,,1996-11-07,440000,market sale,30,1163,167,1498000,1018000,480000,1953,Ranch,1,1749,20845,8,53-117,101,Single Family Residential,,,42.408347,-71.184205,"https://maps.google.com/?q=42.408347,-71.184205",F_741451_2973991,CY24_FY24
4,,absentee - owner elsewhere in Belmont,38-44 HILL RD UNIT 38,38,Condominium,OAK REALTY & SERVICE COMPANY LLC,LLC / corporate,4 HILL RD,BELMONT,MA,02478,,,,,YES,,,,,2015-10-23,1,nominal / non-arms-length transfer,11,66271,339,352000,0,352000,1963,Condo,1,1430,,7,39-22-38,102,Residential Condominium,,,42.397846,-71.157515,"https://maps.google.com/?q=42.397846,-71.157515",F_748673_2970194,CY24_FY24
4,,absentee - owner elsewhere in Belmont,38-44 HILL RD UNIT 40,40,Condominium,OAK REALTY & SERVICE COMPANY LLC,LLC / corporate,4 HILL RD,BELMONT,MA,02478,,,,,YES,,,,,2015-10-23,1,nominal / non-arms-length transfer,11,66271,339,352000,0,352000,1963,Condo,1,1430,,7,39-22-40,102,Residential Condominium,,,42.397846,-71.157515,"https://maps.google.com/?q=42.397846,-71.157515",F_748673_2970194,CY24_FY24
4,,absentee - owner elsewhere in Belmont,38-44 HILL RD UNIT 42,42,Condominium,OAK REALTY & SERVICE COMPANY LLC,LLC / corporate,4 HILL RD,BELMONT,MA,02478,,,,,YES,,,,,2015-10-23,1,nominal / non-arms-length transfer,11,66271,339,352000,0,352000,1963,Condo,1,1430,,7,39-22-42,102,Residential Condominium,,,42.397846,-71.157515,"https://maps.google.com/?q=42.397846,-71.157515",F_748673_2970194,CY24_FY24
4,,absentee - owner elsewhere in Belmont,38-44 HILL RD UNIT 44,44,Condominium,OAK REALTY & SERVICE COMPANY LLC,LLC / corporate,4 HILL RD,BELMONT,MA,02478,,,,,YES,,,,,2015-10-23,1,nominal / non-arms-length transfer,11,66271,339,352000,0,352000,1963,Condo,1,1430,,7,39-22-44,102,Residential Condominium,,,42.397846,-71.157515,"https://maps.google.com/?q=42.397846,-71.157515",F_748673_2970194,CY24_FY24
4,,absentee - owner elsewhere in Belmont,386 COMMON ST,,Three-family,386 COMMON BELMONT LLC,LLC / corporate,981 CONCORD AVE,BELMONT,MA,02478,,,,,YES,,,,,2020-10-30,1,nominal / non-arms-length transfer,6,76047,406,1850000,1109000,731000,1896,Colonial,2,4838,10656,7,6-126,105,Three-Family Residential,,,42.383454,-71.175104,"https://maps.google.com/?q=42.383454,-71.175104",F_743944_2964926,CY24_FY24
4,,absentee - elsewhere in MA,39 BAKER ST,,Apartments (4-8 units),39 BAKER STREET LLC,LLC / corporate,87 GEORGE STREET,ARLINGTON,MA,02476,,,,,YES,,,,,1985-09-24,60900,market sale,41,1003,141,1085000,788000,287000,1910,Old Style,4,3140,6590,7,22-100,111,Apartments with Four to Eight Units,,,42.39287,-71.159736,"https://maps.google.com/?q=42.39287,-71.159736",F_748083_2968375,CY24_FY24
4,,absentee - owner elsewhere in Belmont,39 HILL RD UNIT 39,39,Condominium,OAK REALTY & SERVICE COMPANY LLC,LLC / corporate,4 HILL RD,BELMONT,MA,02478,,,,,YES,,,,,2015-10-23,1,nominal / non-arms-length transfer,11,66271,339,274000,0,274000,1963,Condo,1,1597,,7,39-25-39,102,Residential Condominium,,,42.396896,-71.157899,"https://maps.google.com/?q=42.396896,-71.157899",F_748573_2969844,CY24_FY24
4,,absentee - owner elsewhere in Belmont,41 HILL RD UNIT 41,41,Condominium,OAK REALTY & SERVICE COMPANY LLC,LLC / corporate,4 HILL RD,BELMONT,MA,02478,,,,,YES,,,,,2015-10-23,1,nominal / non-arms-length transfer,11,66271,339,287000,0,287000,1963,Condo,1,1597,,7,39-25-41,102,Residential Condominium,,,42.396896,-71.157899,"https://maps.google.com/?q=42.396896,-71.157899",F_748573_2969844,CY24_FY24
4,,absentee - owner elsewhere in Belmont,42-48 POND ST UNIT 42,42,Condominium,OAK REALTY & SERVICE COMPANY LLC,LLC / corporate,4 HILL RD,BELMONT,MA,02478,,,,,YES,,,,,2015-10-23,1,nominal / non-arms-length transfer,11,66271,339,362000,0,362000,1963,Condo,1,1398,,7,39-6-42,102,Residential Condominium,,,42.398596,-71.157992,"https://maps.google.com/?q=42.398596,-71.157992",F_748534_2970462,CY24_FY24
4,,absentee - owner elsewhere in Belmont,42-48 POND ST UNIT 44,44,Condominium,OAK REALTY & SERVICE COMPANY LLC,LLC / corporate,4 HILL RD,BELMONT,MA,02478,,,,,YES,,,,,2015-10-23,1,nominal / non-arms-length transfer,11,66271,339,362000,0,362000,1963,Condo,1,1398,,7,39-6-44,102,Residential Condominium,,,42.398596,-71.157992,"https://maps.google.com/?q=42.398596,-71.157992",F_748534_2970462,CY24_FY24
4,,absentee - owner elsewhere in Belmont,42-48 POND ST UNIT 46,46,Condominium,OAK REALTY & SERVICE COMPANY LLC,LLC / corporate,4 HILL RD,BELMONT,MA,02478,,,,,YES,,,,,2015-10-23,1,nominal / non-arms-length transfer,11,66271,339,362000,0,362000,1963,Condo,1,1398,,7,39-6-46,102,Residential Condominium,,,42.398596,-71.157992,"https://maps.google.com/?q=42.398596,-71.157992",F_748534_2970462,CY24_FY24
4,,absentee - owner elsewhere in Belmont,42-48 POND ST UNIT 48,48,Condominium,OAK REALTY & SERVICE COMPANY LLC,LLC / corporate,4 HILL RD,BELMONT,MA,02478,,,,,YES,,,,,2015-10-23,1,nominal / non-arms-length transfer,11,66271,339,362000,0,362000,1963,Condo,1,1398,,7,39-6-48,102,Residential Condominium,,,42.398596,-71.157992,"https://maps.google.com/?q=42.398596,-71.157992",F_748534_2970462,CY24_FY24
4,,absentee - elsewhere in MA,43 BURNHAM ST,,Apartments (8+ units),43 BURNHAM STREET LLC,LLC / corporate,6 OAK ST,BURLINGTON,MA,01803,,,,,YES,,,,,1977-05-25,0,nominal / non-arms-length transfer,49,13196,649,3629000,1083000,2531000,1974,Apartment,11,9072,28130,7,28-39,112,Apartments with More than Eight Units,,,42.384124,-71.191643,"https://maps.google.com/?q=42.384124,-71.191643",F_739475_2965155,CY24_FY24
4,,absentee - owner elsewhere in Belmont,43 HILL RD UNIT 43,43,Condominium,OAK REALTY & SERVICE COMPANY LLC,LLC / corporate,4 HILL RD,BELMONT,MA,02478,,,,,YES,,,,,2015-10-23,1,nominal / non-arms-length transfer,11,66271,339,258000,0,258000,1963,Condo,1,1390,,7,39-25-43,102,Residential Condominium,,,42.396896,-71.157899,"https://maps.google.com/?q=42.396896,-71.157899",F_748573_2969844,CY24_FY24
4,,absentee - owner elsewhere in Belmont,45 HILL RD UNIT 45,45,Condominium,OAK REALTY & SERVICE COMPANY LLC,LLC / corporate,4 HILL RD,BELMONT,MA,02478,,,,,YES,,,,,2015-10-23,1,nominal / non-arms-length transfer,11,66271,339,258000,0,258000,1963,Condo,1,1390,,7,39-25-45,102,Residential Condominium,,,42.396896,-71.157899,"https://maps.google.com/?q=42.396896,-71.157899",F_748573_2969844,CY24_FY24
4,,absentee - owner elsewhere in Belmont,45-47 WAVERLEY ST,,Two-family,DLORA LLC,LLC / corporate,225 PROSPECT ST,BELMONT,MA,02478,,,,,YES,,,,,2009-11-19,1,nominal / non-arms-length transfer,17,53865,498,1232000,752000,470000,1925,Old Style,2,2983,6526,7,27-72,104,Two-Family Residential,,,42.387287,-71.186315,"https://maps.google.com/?q=42.387287,-71.186315",F_740910_2966314,CY24_FY24
4,,absentee - owner elsewhere in Belmont,45-51 POND ST UNIT 45,45,Condominium,OAK REALTY & SERVICE COMPANY LLC,LLC / corporate,4 HILL RD,BELMONT,MA,02478,,,,,YES,,,,,2015-10-23,1,nominal / non-arms-length transfer,11,66271,339,300000,0,300000,1963,Condo,1,928,,7,39-12-45,102,Residential Condominium,,,42.398223,-71.157608,"https://maps.google.com/?q=42.398223,-71.157608",F_748632_2970331,CY24_FY24
4,,absentee - owner elsewhere in Belmont,45-51 POND ST UNIT 47,47,Condominium,OAK REALTY & SERVICE COMPANY LLC,LLC / corporate,4 HILL RD,BELMONT,MA,02478,,,,,YES,,,,,2015-10-23,1,nominal / non-arms-length transfer,11,66271,339,300000,0,300000,1963,Condo,1,928,,7,39-12-47,102,Residential Condominium,,,42.398223,-71.157608,"https://maps.google.com/?q=42.398223,-71.157608",F_748632_2970331,CY24_FY24
4,,absentee - owner elsewhere in Belmont,45-51 POND ST UNIT 49,49,Condominium,OAK REALTY & SERVICE COMPANY LLC,LLC / corporate,4 HILL RD,BELMONT,MA,02478,,,,,YES,,,,,2015-10-23,1,nominal / non-arms-length transfer,11,66271,339,300000,0,300000,1963,Condo,1,928,,7,39-12-49,102,Residential Condominium,,,42.398223,-71.157608,"https://maps.google.com/?q=42.398223,-71.157608",F_748632_2970331,CY24_FY24
4,,absentee - owner elsewhere in Belmont,45-51 POND ST UNIT 51,51,Condominium,OAK REALTY & SERVICE COMPANY LLC,LLC / corporate,4 HILL RD,BELMONT,MA,02478,,,,,YES,,,,,2015-10-23,1,nominal / non-arms-length transfer,11,66271,339,300000,0,300000,1963,Condo,1,928,,7,39-12-51,102,Residential Condominium,,,42.398223,-71.157608,"https://maps.google.com/?q=42.398223,-71.157608",F_748632_2970331,CY24_FY24
4,,absentee - owner elsewhere in Belmont,46-52 HILL RD UNIT 46,46,Condominium,OAK REALTY & SERVICE COMPANY LLC,LLC / corporate,4 HILL RD,BELMONT,MA,02478,,,,,YES,,,,,2015-10-23,1,nominal / non-arms-length transfer,11,66271,339,352000,0,352000,1963,Condo,1,1430,,7,39-23-46,102,Residential Condominium,,,42.397986,-71.157046,"https://maps.google.com/?q=42.397986,-71.157046",F_748798_2970248,CY24_FY24
4,,absentee - owner elsewhere in Belmont,46-52 HILL RD UNIT 48,48,Condominium,OAK REALTY & SERVICE COMPANY LLC,LLC / corporate,4 HILL RD,BELMONT,MA,02478,,,,,YES,,,,,2015-10-23,1,nominal / non-arms-length transfer,11,66271,339,352000,0,352000,1963,Condo,1,1430,,7,39-23-48,102,Residential Condominium,,,42.397986,-71.157046,"https://maps.google.com/?q=42.397986,-71.157046",F_748798_2970248,CY24_FY24
4,,absentee - owner elsewhere in Belmont,46-52 HILL RD UNIT 50,50,Condominium,OAK REALTY & SERVICE COMPANY LLC,LLC / corporate,4 HILL RD,BELMONT,MA,02478,,,,,YES,,,,,2015-10-23,1,nominal / non-arms-length transfer,11,66271,339,352000,0,352000,1963,Condo,1,1430,,7,39-23-50,102,Residential Condominium,,,42.397986,-71.157046,"https://maps.google.com/?q=42.397986,-71.157046",F_748798_2970248,CY24_FY24
4,,absentee - owner elsewhere in Belmont,46-52 HILL RD UNIT 52,52,Condominium,OAK REALTY & SERVICE COMPANY LLC,LLC / corporate,4 HILL RD,BELMONT,MA,02478,,,,,YES,,,,,2015-10-23,1,nominal / non-arms-length transfer,11,66271,339,352000,0,352000,1963,Condo,1,1430,,7,39-23-52,102,Residential Condominium,,,42.397986,-71.157046,"https://maps.google.com/?q=42.397986,-71.157046",F_748798_2970248,CY24_FY24
4,,absentee - elsewhere in MA (PO Box),464-468A TRAPELO RD,,"Mixed use, mostly residential",MOSS REALTY LLP,LLC / corporate,PO BOX 44,NEEDHAM HEIGHTS,MA,02494,,,,,YES,,,,,1956-06-07,0,nominal / non-arms-length transfer,70,573,27,2172000,786000,1386000,1927,Res/Comm,1,7488,4966,4,27-127,013,"Mixed Use (Primarily Residential, some Commercial)",,,42.386983,-71.188536,"https://maps.google.com/?q=42.386983,-71.188536",F_740311_2966201,CY24_FY24
4,,absentee - out of state,485 COMMON ST,,"Mixed use, mostly residential",BELMONT RESIDENTIAL PROPERTY OWNER LLC,LLC / corporate,2727 LBJ FREEWAY SUITE 806,DALLAS,TX,75234,,,,,YES,,,,,2016-10-19,14260000,market sale,10,68233,123,32729000,2431000,30187000,,,,,63481,4,12-210,013,"Mixed Use (Primarily Residential, some Commercial)",,,42.380407,-71.17498,"https://maps.google.com/?q=42.380407,-71.17498",F_743984_2963815,CY24_FY24
4,,absentee - owner elsewhere in Belmont,49 HILL RD UNIT 101,101,Condominium,OAK REALTY & SERVICE COMPANY LLC,LLC / corporate,4 HILL RD,BELMONT,MA,02478,,,,,YES,,,,,2015-10-23,1,nominal / non-arms-length transfer,11,66271,339,261000,0,261000,1963,Condo,1,1086,,7,39-49-101,102,Residential Condominium,,,42.396912,-71.156792,"https://maps.google.com/?q=42.396912,-71.156792",F_748522_2969609,CY24_FY24
4,,absentee - owner elsewhere in Belmont,49 HILL RD UNIT 102,102,Condominium,OAK REALTY & SERVICE COMPANY LLC,LLC / corporate,4 HILL RD,BELMONT,MA,02478,,,,,YES,,,,,2015-10-23,1,nominal / non-arms-length transfer,11,66271,339,261000,0,261000,,Condo,1,1086,,7,39-49-102,102,Residential Condominium,,,42.396912,-71.156792,"https://maps.google.com/?q=42.396912,-71.156792",F_748522_2969609,CY24_FY24
4,,absentee - owner elsewhere in Belmont,49 HILL RD UNIT 103,103,Condominium,OAK REALTY & SERVICE COMPANY LLC,LLC / corporate,4 HILL RD,BELMONT,MA,02478,,,,,YES,,,,,2015-10-23,1,nominal / non-arms-length transfer,11,66271,339,261000,0,261000,,Condo,1,1086,,7,39-49-103,102,Residential Condominium,,,42.396912,-71.156792,"https://maps.google.com/?q=42.396912,-71.156792",F_748522_2969609,CY24_FY24
4,,absentee - owner elsewhere in Belmont,49 HILL RD UNIT 104,104,Condominium,OAK REALTY & SERVICE COMPANY LLC,LLC / corporate,4 HILL RD,BELMONT,MA,02478,,,,,YES,,,,,2015-10-23,1,nominal / non-arms-length transfer,11,66271,339,261000,0,261000,,Condo,1,1086,,7,39-49-104,102,Residential Condominium,,,42.396912,-71.156792,"https://maps.google.com/?q=42.396912,-71.156792",F_748522_2969609,CY24_FY24
4,,absentee - owner elsewhere in Belmont,49 HILL RD UNIT 105,105,Condominium,OAK REALTY & SERVICE COMPANY LLC,LLC / corporate,4 HILL RD,BELMONT,MA,02478,,,,,YES,,,,,2015-10-23,1,nominal / non-arms-length transfer,11,66271,339,149000,0,149000,,Condo,1,415,,7,39-49-105,102,Residential Condominium,,,42.396912,-71.156792,"https://maps.google.com/?q=42.396912,-71.156792",F_748522_2969609,CY24_FY24
4,,absentee - owner elsewhere in Belmont,49 HILL RD UNIT 106,106,Condominium,OAK REALTY & SERVICE COMPANY LLC,LLC / corporate,4 HILL RD,BELMONT,MA,02478,,,,,YES,,,,,2015-10-23,1,nominal / non-arms-length transfer,11,66271,339,212000,0,212000,,Condo,1,753,,7,39-49-106,102,Residential Condominium,,,42.396912,-71.156792,"https://maps.google.com/?q=42.396912,-71.156792",F_748522_2969609,CY24_FY24
4,,absentee - owner elsewhere in Belmont,49 HILL RD UNIT 107,107,Condominium,OAK REALTY & SERVICE COMPANY LLC,LLC / corporate,4 HILL RD,BELMONT,MA,02478,,,,,YES,,,,,2015-10-23,1,nominal / non-arms-length transfer,11,66271,339,212000,0,212000,,Condo,1,753,,7,39-49-107,102,Residential Condominium,,,42.396912,-71.156792,"https://maps.google.com/?q=42.396912,-71.156792",F_748522_2969609,CY24_FY24
4,,absentee - owner elsewhere in Belmont,49 HILL RD UNIT 108,108,Condominium,OAK REALTY & SERVICE COMPANY LLC,LLC / corporate,4 HILL RD,BELMONT,MA,02478,,,,,YES,,,,,2015-10-23,1,nominal / non-arms-length transfer,11,66271,339,212000,0,212000,,Condo,1,753,,7,39-49-108,102,Residential Condominium,,,42.396912,-71.156792,"https://maps.google.com/?q=42.396912,-71.156792",F_748522_2969609,CY24_FY24
4,,absentee - owner elsewhere in Belmont,49 HILL RD UNIT 109,109,Condominium,OAK REALTY & SERVICE COMPANY LLC,LLC / corporate,4 HILL RD,BELMONT,MA,02478,,,,,YES,,,,,2015-10-23,1,nominal / non-arms-length transfer,11,66271,339,261000,0,261000,,Condo,1,1086,,7,39-49-109,102,Residential Condominium,,,42.396912,-71.156792,"https://maps.google.com/?q=42.396912,-71.156792",F_748522_2969609,CY24_FY24
4,,absentee - owner elsewhere in Belmont,49 HILL RD UNIT 110,110,Condominium,OAK REALTY & SERVICE COMPANY LLC,LLC / corporate,4 HILL RD,BELMONT,MA,02478,,,,,YES,,,,,2015-10-23,1,nominal / non-arms-length transfer,11,66271,339,261000,0,261000,,Condo,1,1086,,7,39-49-110,102,Residential Condominium,,,42.396912,-71.156792,"https://maps.google.com/?q=42.396912,-71.156792",F_748522_2969609,CY24_FY24
4,,absentee - owner elsewhere in Belmont,49 HILL RD UNIT 201,201,Condominium,OAK REALTY & SERVICE COMPANY LLC,LLC / corporate,4 HILL RD,BELMONT,MA,02478,,,,,YES,,,,,2015-10-23,1,nominal / non-arms-length transfer,11,66271,339,261000,0,261000,,Condo,1,1086,,7,39-49-201,102,Residential Condominium,,,42.396912,-71.156792,"https://maps.google.com/?q=42.396912,-71.156792",F_748522_2969609,CY24_FY24
4,,absentee - owner elsewhere in Belmont,49 HILL RD UNIT 202,202,Condominium,OAK REALTY & SERVICE COMPANY LLC,LLC / corporate,4 HILL RD,BELMONT,MA,02478,,,,,YES,,,,,2015-10-23,1,nominal / non-arms-length transfer,11,66271,339,261000,0,261000,,Condo,1,1086,,7,39-49-202,102,Residential Condominium,,,42.396912,-71.156792,"https://maps.google.com/?q=42.396912,-71.156792",F_748522_2969609,CY24_FY24
4,,absentee - owner elsewhere in Belmont,49 HILL RD UNIT 203,203,Condominium,OAK REALTY & SERVICE COMPANY LLC,LLC / corporate,4 HILL RD,BELMONT,MA,02478,,,,,YES,,,,,2015-10-23,1,nominal / non-arms-length transfer,11,66271,339,261000,0,261000,,Condo,1,1086,,7,39-49-203,102,Residential Condominium,,,42.396912,-71.156792,"https://maps.google.com/?q=42.396912,-71.156792",F_748522_2969609,CY24_FY24
4,,absentee - owner elsewhere in Belmont,49 HILL RD UNIT 204,204,Condominium,OAK REALTY & SERVICE COMPANY LLC,LLC / corporate,4 HILL RD,BELMONT,MA,02478,,,,,YES,,,,,2015-10-23,1,nominal / non-arms-length transfer,11,66271,339,261000,0,261000,,Condo,1,1086,,7,39-49-204,102,Residential Condominium,,,42.396912,-71.156792,"https://maps.google.com/?q=42.396912,-71.156792",F_748522_2969609,CY24_FY24
4,,absentee - owner elsewhere in Belmont,49 HILL RD UNIT 205,205,Condominium,OAK REALTY & SERVICE COMPANY LLC,LLC / corporate,4 HILL RD,BELMONT,MA,02478,,,,,YES,,,,,2015-10-23,1,nominal / non-arms-length transfer,11,66271,339,212000,0,212000,,Condo,1,753,,7,39-49-205,102,Residential Condominium,,,42.396912,-71.156792,"https://maps.google.com/?q=42.396912,-71.156792",F_748522_2969609,CY24_FY24
4,,absentee - owner elsewhere in Belmont,49 HILL RD UNIT 206,206,Condominium,OAK REALTY & SERVICE COMPANY LLC,LLC / corporate,4 HILL RD,BELMONT,MA,02478,,,,,YES,,,,,2015-10-23,1,nominal / non-arms-length transfer,11,66271,339,212000,0,212000,,Condo,1,753,,7,39-49-206,102,Residential Condominium,,,42.396912,-71.156792,"https://maps.google.com/?q=42.396912,-71.156792",F_748522_2969609,CY24_FY24
4,,absentee - owner elsewhere in Belmont,49 HILL RD UNIT 207,207,Condominium,OAK REALTY & SERVICE COMPANY LLC,LLC / corporate,4 HILL RD,BELMONT,MA,02478,,,,,YES,,,,,2015-10-23,1,nominal / non-arms-length transfer,11,66271,339,212000,0,212000,,Condo,1,753,,7,39-49-207,102,Residential Condominium,,,42.396912,-71.156792,"https://maps.google.com/?q=42.396912,-71.156792",F_748522_2969609,CY24_FY24
4,,absentee - owner elsewhere in Belmont,49 HILL RD UNIT 208,208,Condominium,OAK REALTY & SERVICE COMPANY LLC,LLC / corporate,4 HILL RD,BELMONT,MA,02478,,,,,YES,,,,,2015-10-23,1,nominal / non-arms-length transfer,11,66271,339,212000,0,212000,,Condo,1,753,,7,39-49-208,102,Residential Condominium,,,42.396912,-71.156792,"https://maps.google.com/?q=42.396912,-71.156792",F_748522_2969609,CY24_FY24
4,,absentee - owner elsewhere in Belmont,49 HILL RD UNIT 209,209,Condominium,OAK REALTY & SERVICE COMPANY LLC,LLC / corporate,4 HILL RD,BELMONT,MA,02478,,,,,YES,,,,,2015-10-23,1,nominal / non-arms-length transfer,11,66271,339,261000,0,261000,,Condo,1,1086,,7,39-49-209,102,Residential Condominium,,,42.396912,-71.156792,"https://maps.google.com/?q=42.396912,-71.156792",F_748522_2969609,CY24_FY24
4,,absentee - owner elsewhere in Belmont,49 HILL RD UNIT 210,210,Condominium,OAK REALTY & SERVICE COMPANY LLC,LLC / corporate,4 HILL RD,BELMONT,MA,02478,,,,,YES,,,,,2015-10-23,1,nominal / non-arms-length transfer,11,66271,339,261000,0,261000,,Condo,1,1086,,7,39-49-210,102,Residential Condominium,,,42.396912,-71.156792,"https://maps.google.com/?q=42.396912,-71.156792",F_748522_2969609,CY24_FY24
4,,absentee - owner elsewhere in Belmont,49 HILL RD UNIT 301,301,Condominium,OAK REALTY & SERVICE COMPANY LLC,LLC / corporate,4 HILL RD,BELMONT,MA,02478,,,,,YES,,,,,2015-10-23,1,nominal / non-arms-length transfer,11,66271,339,261000,0,261000,,Condo,1,1086,,7,39-49-301,102,Residential Condominium,,,42.396912,-71.156792,"https://maps.google.com/?q=42.396912,-71.156792",F_748522_2969609,CY24_FY24
4,,absentee - owner elsewhere in Belmont,49 HILL RD UNIT 302,302,Condominium,OAK REALTY & SERVICE COMPANY LLC,LLC / corporate,4 HILL RD,BELMONT,MA,02478,,,,,YES,,,,,2015-10-23,1,nominal / non-arms-length transfer,11,66271,339,261000,0,261000,,Condo,1,1086,,7,39-49-302,102,Residential Condominium,,,42.396912,-71.156792,"https://maps.google.com/?q=42.396912,-71.156792",F_748522_2969609,CY24_FY24
4,,absentee - owner elsewhere in Belmont,49 HILL RD UNIT 303,303,Condominium,OAK REALTY & SERVICE COMPANY LLC,LLC / corporate,4 HILL RD,BELMONT,MA,02478,,,,,YES,,,,,2015-10-23,1,nominal / non-arms-length transfer,11,66271,339,261000,0,261000,,Condo,1,1086,,7,39-49-303,102,Residential Condominium,,,42.396912,-71.156792,"https://maps.google.com/?q=42.396912,-71.156792",F_748522_2969609,CY24_FY24
4,,absentee - owner elsewhere in Belmont,49 HILL RD UNIT 304,304,Condominium,OAK REALTY & SERVICE COMPANY LLC,LLC / corporate,4 HILL RD,BELMONT,MA,02478,,,,,YES,,,,,2015-10-23,1,nominal / non-arms-length transfer,11,66271,339,261000,0,261000,,Condo,1,1086,,7,39-49-304,102,Residential Condominium,,,42.396912,-71.156792,"https://maps.google.com/?q=42.396912,-71.156792",F_748522_2969609,CY24_FY24
4,,absentee - owner elsewhere in Belmont,49 HILL RD UNIT 305,305,Condominium,OAK REALTY & SERVICE COMPANY LLC,LLC / corporate,4 HILL RD,BELMONT,MA,02478,,,,,YES,,,,,2015-10-23,1,nominal / non-arms-length transfer,11,66271,339,212000,0,212000,,Condo,1,753,,7,39-49-305,102,Residential Condominium,,,42.396912,-71.156792,"https://maps.google.com/?q=42.396912,-71.156792",F_748522_2969609,CY24_FY24
4,,absentee - owner elsewhere in Belmont,49 HILL RD UNIT 306,306,Condominium,OAK REALTY & SERVICE COMPANY LLC,LLC / corporate,4 HILL RD,BELMONT,MA,02478,,,,,YES,,,,,2015-10-23,1,nominal / non-arms-length transfer,11,66271,339,212000,0,212000,,Condo,1,753,,7,39-49-306,102,Residential Condominium,,,42.396912,-71.156792,"https://maps.google.com/?q=42.396912,-71.156792",F_748522_2969609,CY24_FY24
4,,absentee - owner elsewhere in Belmont,49 HILL RD UNIT 307,307,Condominium,OAK REALTY & SERVICE COMPANY LLC,LLC / corporate,4 HILL RD,BELMONT,MA,02478,,,,,YES,,,,,2015-10-23,1,nominal / non-arms-length transfer,11,66271,339,212000,0,212000,,Condo,1,753,,7,39-49-307,102,Residential Condominium,,,42.396912,-71.156792,"https://maps.google.com/?q=42.396912,-71.156792",F_748522_2969609,CY24_FY24
4,,absentee - owner elsewhere in Belmont,49 HILL RD UNIT 308,308,Condominium,OAK REALTY & SERVICE COMPANY LLC,LLC / corporate,4 HILL RD,BELMONT,MA,02478,,,,,YES,,,,,2015-10-23,1,nominal / non-arms-length transfer,11,66271,339,212000,0,212000,,Condo,1,753,,7,39-49-308,102,Residential Condominium,,,42.396912,-71.156792,"https://maps.google.com/?q=42.396912,-71.156792",F_748522_2969609,CY24_FY24
4,,absentee - owner elsewhere in Belmont,49 HILL RD UNIT 309,309,Condominium,OAK REALTY & SERVICE COMPANY LLC,LLC / corporate,4 HILL RD,BELMONT,MA,02478,,,,,YES,,,,,2015-10-23,1,nominal / non-arms-length transfer,11,66271,339,261000,0,261000,,Condo,1,1086,,7,39-49-309,102,Residential Condominium,,,42.396912,-71.156792,"https://maps.google.com/?q=42.396912,-71.156792",F_748522_2969609,CY24_FY24
4,,absentee - owner elsewhere in Belmont,49 HILL RD UNIT 310,310,Condominium,OAK REALTY & SERVICE COMPANY LLC,LLC / corporate,4 HILL RD,BELMONT,MA,02478,,,,,YES,,,,,2015-10-23,1,nominal / non-arms-length transfer,11,66271,339,261000,0,261000,,Condo,1,1086,,7,39-49-310,102,Residential Condominium,,,42.396912,-71.156792,"https://maps.google.com/?q=42.396912,-71.156792",F_748522_2969609,CY24_FY24
4,,absentee - owner elsewhere in Belmont,49 HILL RD UNIT 401,401,Condominium,OAK REALTY & SERVICE COMPANY LLC,LLC / corporate,4 HILL RD,BELMONT,MA,02478,,,,,YES,,,,,2015-10-23,1,nominal / non-arms-length transfer,11,66271,339,261000,0,261000,,Condo,1,1086,,7,39-49-401,102,Residential Condominium,,,42.396912,-71.156792,"https://maps.google.com/?q=42.396912,-71.156792",F_748522_2969609,CY24_FY24
4,,absentee - owner elsewhere in Belmont,49 HILL RD UNIT 402,402,Condominium,OAK REALTY & SERVICE COMPANY LLC,LLC / corporate,4 HILL RD,BELMONT,MA,02478,,,,,YES,,,,,2015-10-23,1,nominal / non-arms-length transfer,11,66271,339,261000,0,261000,,Condo,1,1086,,7,39-49-402,102,Residential Condominium,,,42.396912,-71.156792,"https://maps.google.com/?q=42.396912,-71.156792",F_748522_2969609,CY24_FY24
4,,absentee - owner elsewhere in Belmont,49 HILL RD UNIT 403,403,Condominium,OAK REALTY & SERVICE COMPANY LLC,LLC / corporate,4 HILL RD,BELMONT,MA,02478,,,,,YES,,,,,2015-10-23,1,nominal / non-arms-length transfer,11,66271,339,261000,0,261000,,Condo,1,1086,,7,39-49-403,102,Residential Condominium,,,42.396912,-71.156792,"https://maps.google.com/?q=42.396912,-71.156792",F_748522_2969609,CY24_FY24
4,,absentee - owner elsewhere in Belmont,49 HILL RD UNIT 404,404,Condominium,OAK REALTY & SERVICE COMPANY LLC,LLC / corporate,4 HILL RD,BELMONT,MA,02478,,,,,YES,,,,,2015-10-23,1,nominal / non-arms-length transfer,11,66271,339,261000,0,261000,,Condo,1,1086,,7,39-49-404,102,Residential Condominium,,,42.396912,-71.156792,"https://maps.google.com/?q=42.396912,-71.156792",F_748522_2969609,CY24_FY24
4,,absentee - owner elsewhere in Belmont,49 HILL RD UNIT 405,405,Condominium,OAK REALTY & SERVICE COMPANY LLC,LLC / corporate,4 HILL RD,BELMONT,MA,02478,,,,,YES,,,,,2015-10-23,1,nominal / non-arms-length transfer,11,66271,339,212000,0,212000,,Condo,1,753,,7,39-49-405,102,Residential Condominium,,,42.396912,-71.156792,"https://maps.google.com/?q=42.396912,-71.156792",F_748522_2969609,CY24_FY24
4,,absentee - owner elsewhere in Belmont,49 HILL RD UNIT 406,406,Condominium,OAK REALTY & SERVICE COMPANY LLC,LLC / corporate,4 HILL RD,BELMONT,MA,02478,,,,,YES,,,,,2015-10-23,1,nominal / non-arms-length transfer,11,66271,339,212000,0,212000,,Condo,1,753,,7,39-49-406,102,Residential Condominium,,,42.396912,-71.156792,"https://maps.google.com/?q=42.396912,-71.156792",F_748522_2969609,CY24_FY24
4,,absentee - owner elsewhere in Belmont,49 HILL RD UNIT 407,407,Condominium,OAK REALTY & SERVICE COMPANY LLC,LLC / corporate,4 HILL RD,BELMONT,MA,02478,,,,,YES,,,,,2015-10-23,1,nominal / non-arms-length transfer,11,66271,339,212000,0,212000,,Condo,1,753,,7,39-49-407,102,Residential Condominium,,,42.396912,-71.156792,"https://maps.google.com/?q=42.396912,-71.156792",F_748522_2969609,CY24_FY24
4,,absentee - owner elsewhere in Belmont,49 HILL RD UNIT 408,408,Condominium,OAK REALTY & SERVICE COMPANY LLC,LLC / corporate,4 HILL RD,BELMONT,MA,02478,,,,,YES,,,,,2015-10-23,1,nominal / non-arms-length transfer,11,66271,339,212000,0,212000,,Condo,1,753,,7,39-49-408,102,Residential Condominium,,,42.396912,-71.156792,"https://maps.google.com/?q=42.396912,-71.156792",F_748522_2969609,CY24_FY24
4,,absentee - owner elsewhere in Belmont,49 HILL RD UNIT 409,409,Condominium,OAK REALTY & SERVICE COMPANY LLC,LLC / corporate,4 HILL RD,BELMONT,MA,02478,,,,,YES,,,,,2015-10-23,1,nominal / non-arms-length transfer,11,66271,339,261000,0,261000,,Condo,1,1086,,7,39-49-409,102,Residential Condominium,,,42.396912,-71.156792,"https://maps.google.com/?q=42.396912,-71.156792",F_748522_2969609,CY24_FY24
4,,absentee - owner elsewhere in Belmont,49 HILL RD UNIT 410,410,Condominium,OAK REALTY & SERVICE COMPANY LLC,LLC / corporate,4 HILL RD,BELMONT,MA,02478,,,,,YES,,,,,2015-10-23,1,nominal / non-arms-length transfer,11,66271,339,261000,0,261000,,Condo,1,1086,,7,39-49-410,102,Residential Condominium,,,42.396912,-71.156792,"https://maps.google.com/?q=42.396912,-71.156792",F_748522_2969609,CY24_FY24
4,,absentee - owner elsewhere in Belmont,49 HILL RD UNIT 501,501,Condominium,OAK REALTY & SERVICE COMPANY LLC,LLC / corporate,4 HILL RD,BELMONT,MA,02478,,,,,YES,,,,,2015-10-23,1,nominal / non-arms-length transfer,11,66271,339,351000,0,351000,,Condo,1,2172,,7,39-49-501,102,Residential Condominium,,,42.396912,-71.156792,"https://maps.google.com/?q=42.396912,-71.156792",F_748522_2969609,CY24_FY24
4,,absentee - owner elsewhere in Belmont,49 HILL RD UNIT 502,502,Condominium,OAK REALTY & SERVICE COMPANY LLC,LLC / corporate,4 HILL RD,BELMONT,MA,02478,,,,,YES,,,,,2015-10-23,1,nominal / non-arms-length transfer,11,66271,339,261000,0,261000,,Condo,1,1086,,7,39-49-502,102,Residential Condominium,,,42.396912,-71.156792,"https://maps.google.com/?q=42.396912,-71.156792",F_748522_2969609,CY24_FY24
4,,absentee - owner elsewhere in Belmont,49 HILL RD UNIT 504,504,Condominium,OAK REALTY & SERVICE COMPANY LLC,LLC / corporate,4 HILL RD,BELMONT,MA,02478,,,,,YES,,,,,2015-10-23,1,nominal / non-arms-length transfer,11,66271,339,261000,0,261000,,Condo,1,1086,,7,39-49-504,102,Residential Condominium,,,42.396912,-71.156792,"https://maps.google.com/?q=42.396912,-71.156792",F_748522_2969609,CY24_FY24
4,,absentee - owner elsewhere in Belmont,49 HILL RD UNIT 505,505,Condominium,OAK REALTY & SERVICE COMPANY LLC,LLC / corporate,4 HILL RD,BELMONT,MA,02478,,,,,YES,,,,,2015-10-23,1,nominal / non-arms-length transfer,11,66271,339,212000,0,212000,,Condo,1,753,,7,39-49-505,102,Residential Condominium,,,42.396912,-71.156792,"https://maps.google.com/?q=42.396912,-71.156792",F_748522_2969609,CY24_FY24
4,,absentee - owner elsewhere in Belmont,49 HILL RD UNIT 506,506,Condominium,OAK REALTY & SERVICE COMPANY LLC,LLC / corporate,4 HILL RD,BELMONT,MA,02478,,,,,YES,,,,,2015-10-23,1,nominal / non-arms-length transfer,11,66271,339,212000,0,212000,,Condo,1,753,,7,39-49-506,102,Residential Condominium,,,42.396912,-71.156792,"https://maps.google.com/?q=42.396912,-71.156792",F_748522_2969609,CY24_FY24
4,,absentee - owner elsewhere in Belmont,49 HILL RD UNIT 507,507,Condominium,OAK REALTY & SERVICE COMPANY LLC,LLC / corporate,4 HILL RD,BELMONT,MA,02478,,,,,YES,,,,,2015-10-23,1,nominal / non-arms-length transfer,11,66271,339,212000,0,212000,,Condo,1,753,,7,39-49-507,102,Residential Condominium,,,42.396912,-71.156792,"https://maps.google.com/?q=42.396912,-71.156792",F_748522_2969609,CY24_FY24
4,,absentee - owner elsewhere in Belmont,49 HILL RD UNIT 508,508,Condominium,OAK REALTY & SERVICE COMPANY LLC,LLC / corporate,4 HILL RD,BELMONT,MA,02478,,,,,YES,,,,,2015-10-23,1,nominal / non-arms-length transfer,11,66271,339,212000,0,212000,,Condo,1,753,,7,39-49-508,102,Residential Condominium,,,42.396912,-71.156792,"https://maps.google.com/?q=42.396912,-71.156792",F_748522_2969609,CY24_FY24
4,,absentee - owner elsewhere in Belmont,49 HILL RD UNIT 509,509,Condominium,OAK REALTY & SERVICE COMPANY LLC,LLC / corporate,4 HILL RD,BELMONT,MA,02478,,,,,YES,,,,,2015-10-23,1,nominal / non-arms-length transfer,11,66271,339,261000,0,261000,,Condo,1,1086,,7,39-49-509,102,Residential Condominium,,,42.396912,-71.156792,"https://maps.google.com/?q=42.396912,-71.156792",F_748522_2969609,CY24_FY24
4,,absentee - owner elsewhere in Belmont,49 HILL RD UNIT 510,510,Condominium,OAK REALTY & SERVICE COMPANY LLC,LLC / corporate,4 HILL RD,BELMONT,MA,02478,,,,,YES,,,,,2015-10-23,1,nominal / non-arms-length transfer,11,66271,339,261000,0,261000,,Condo,1,1086,,7,39-49-510,102,Residential Condominium,,,42.396912,-71.156792,"https://maps.google.com/?q=42.396912,-71.156792",F_748522_2969609,CY24_FY24
4,,absentee - owner elsewhere in Belmont,49 UNDERWOOD ST,,Single family,49 UNDERWOOD STREET LLC,LLC / corporate,29 UNDERWOOD ST,BELMONT,MA,02478,,,,,YES,,,,,1997-09-05,1,nominal / non-arms-length transfer,29,27648,565,864000,687000,176000,1955,Cape Cod,1,1200,5800,7,22-5,101,Single Family Residential,,,42.393793,-71.161638,"https://maps.google.com/?q=42.393793,-71.161638",F_747561_2968708,CY24_FY24
4,,absentee - elsewhere in MA,5 CLARK LANE,,Single family,CAMBRIDGE AFFORDABLE HOUSING CORP,LLC / corporate,362 GREEN STREET,CAMBRIDGE,MA,02139,,,,,YES,,,,,1990-09-21,137000,market sale,36,20781,28,803000,629000,174000,1866,Old Style,1,2615,12750,7,30-68,101,Single Family Residential,,,42.393174,-71.180661,"https://maps.google.com/?q=42.393174,-71.180661",F_742432_2968467,CY24_FY24
4,,absentee - owner elsewhere in Belmont,5-7 MARION RD,,Three-family,5-7 MARION ROAD LLC,LLC / corporate,31 TOBEY RD,BELMONT,MA,02478,,,,,YES,,,,,2015-09-22,1,nominal / non-arms-length transfer,11,66110,298,1503000,929000,574000,1911,Old Style,3,3694,3570,7,1-100,105,Three-Family Residential,,,42.376599,-71.157878,"https://maps.google.com/?q=42.376599,-71.157878",F_748609_2962447,CY24_FY24
4,,absentee - owner elsewhere in Belmont,50-56 POND ST UNIT 50,50,Condominium,OAK REALTY & SERVICE COMPANY LLC,LLC / corporate,4 HILL RD,BELMONT,MA,02478,,,,,YES,,,,,2015-10-23,1,nominal / non-arms-length transfer,11,66271,339,303000,0,303000,1963,Condo,1,947,,7,39-7-50,102,Residential Condominium,,,42.398624,-71.157548,"https://maps.google.com/?q=42.398624,-71.157548",F_748665_2970473,CY24_FY24
4,,absentee - owner elsewhere in Belmont,50-56 POND ST UNIT 52,52,Condominium,OAK REALTY & SERVICE COMPANY LLC,LLC / corporate,4 HILL RD,BELMONT,MA,02478,,,,,YES,,,,,2015-10-23,1,nominal / non-arms-length transfer,11,66271,339,303000,0,303000,1963,Condo,1,947,,7,39-7-52,102,Residential Condominium,,,42.398624,-71.157548,"https://maps.google.com/?q=42.398624,-71.157548",F_748665_2970473,CY24_FY24
4,,absentee - owner elsewhere in Belmont,50-56 POND ST UNIT 54,54,Condominium,OAK REALTY & SERVICE COMPANY LLC,LLC / corporate,4 HILL RD,BELMONT,MA,02478,,,,,YES,,,,,2015-10-23,1,nominal / non-arms-length transfer,11,66271,339,303000,0,303000,1963,Condo,1,947,,7,39-7-54,102,Residential Condominium,,,42.398624,-71.157548,"https://maps.google.com/?q=42.398624,-71.157548",F_748665_2970473,CY24_FY24
4,,absentee - owner elsewhere in Belmont,50-56 POND ST UNIT 56,56,Condominium,OAK REALTY & SERVICE COMPANY LLC,LLC / corporate,4 HILL RD,BELMONT,MA,02478,,,,,YES,,,,,2015-10-23,1,nominal / non-arms-length transfer,11,66271,339,303000,0,303000,1963,Condo,1,947,,7,39-7-56,102,Residential Condominium,,,42.398624,-71.157548,"https://maps.google.com/?q=42.398624,-71.157548",F_748665_2970473,CY24_FY24
4,,absentee - owner elsewhere in Belmont,51 HILL RD UNIT 101,101,Condominium,OAK REALTY & SERVICE COMPANY LLC,LLC / corporate,4 HILL RD,BELMONT,MA,02478,,,,,YES,,,,,2015-10-23,1,nominal / non-arms-length transfer,11,66271,339,261000,0,261000,,Condo,1,1086,,7,39-51-101,102,Residential Condominium,,,42.396912,-71.156792,"https://maps.google.com/?q=42.396912,-71.156792",F_748522_2969609,CY24_FY24
4,,absentee - owner elsewhere in Belmont,51 HILL RD UNIT 102,102,Condominium,OAK REALTY & SERVICE COMPANY LLC,LLC / corporate,4 HILL RD,BELMONT,MA,02478,,,,,YES,,,,,2015-10-23,1,nominal / non-arms-length transfer,11,66271,339,261000,0,261000,,Condo,1,1086,,7,39-51-102,102,Residential Condominium,,,42.396912,-71.156792,"https://maps.google.com/?q=42.396912,-71.156792",F_748522_2969609,CY24_FY24
4,,absentee - owner elsewhere in Belmont,51 HILL RD UNIT 103,103,Condominium,OAK REALTY & SERVICE COMPANY LLC,LLC / corporate,4 HILL RD,BELMONT,MA,02478,,,,,YES,,,,,2015-10-23,1,nominal / non-arms-length transfer,11,66271,339,261000,0,261000,,Condo,1,1086,,7,39-51-103,102,Residential Condominium,,,42.396912,-71.156792,"https://maps.google.com/?q=42.396912,-71.156792",F_748522_2969609,CY24_FY24
4,,absentee - owner elsewhere in Belmont,51 HILL RD UNIT 104,104,Condominium,OAK REALTY & SERVICE COMPANY LLC,LLC / corporate,4 HILL RD,BELMONT,MA,02478,,,,,YES,,,,,2015-10-23,1,nominal / non-arms-length transfer,11,66271,339,261000,0,261000,,Condo,1,1086,,7,39-51-104,102,Residential Condominium,,,42.396912,-71.156792,"https://maps.google.com/?q=42.396912,-71.156792",F_748522_2969609,CY24_FY24
4,,absentee - owner elsewhere in Belmont,51 HILL RD UNIT 105,105,Condominium,OAK REALTY & SERVICE COMPANY LLC,LLC / corporate,4 HILL RD,BELMONT,MA,02478,,,,,YES,,,,,2015-10-23,1,nominal / non-arms-length transfer,11,66271,339,192000,0,192000,,Condo,1,636,,7,39-51-105,102,Residential Condominium,,,42.396912,-71.156792,"https://maps.google.com/?q=42.396912,-71.156792",F_748522_2969609,CY24_FY24
4,,absentee - owner elsewhere in Belmont,51 HILL RD UNIT 106,106,Condominium,OAK REALTY & SERVICE COMPANY LLC,LLC / corporate,4 HILL RD,BELMONT,MA,02478,,,,,YES,,,,,2015-10-23,1,nominal / non-arms-length transfer,11,66271,339,256000,0,256000,,Condo,1,1040,,7,39-51-106,102,Residential Condominium,,,42.396912,-71.156792,"https://maps.google.com/?q=42.396912,-71.156792",F_748522_2969609,CY24_FY24
4,,absentee - owner elsewhere in Belmont,51 HILL RD UNIT 107,107,Condominium,OAK REALTY & SERVICE COMPANY LLC,LLC / corporate,4 HILL RD,BELMONT,MA,02478,,,,,YES,,,,,2015-10-23,1,nominal / non-arms-length transfer,11,66271,339,208000,0,208000,,Condo,1,726,,7,39-51-107,102,Residential Condominium,,,42.396912,-71.156792,"https://maps.google.com/?q=42.396912,-71.156792",F_748522_2969609,CY24_FY24
4,,absentee - owner elsewhere in Belmont,51 HILL RD UNIT 108,108,Condominium,OAK REALTY & SERVICE COMPANY LLC,LLC / corporate,4 HILL RD,BELMONT,MA,02478,,,,,YES,,,,,2015-10-23,1,nominal / non-arms-length transfer,11,66271,339,201000,0,201000,,Condo,1,685,,7,39-51-108,102,Residential Condominium,,,42.396912,-71.156792,"https://maps.google.com/?q=42.396912,-71.156792",F_748522_2969609,CY24_FY24
4,,absentee - owner elsewhere in Belmont,51 HILL RD UNIT 109,109,Condominium,OAK REALTY & SERVICE COMPANY LLC,LLC / corporate,4 HILL RD,BELMONT,MA,02478,,,,,YES,,,,,2015-10-23,1,nominal / non-arms-length transfer,11,66271,339,261000,0,261000,,Condo,1,1086,,7,39-51-109,102,Residential Condominium,,,42.396912,-71.156792,"https://maps.google.com/?q=42.396912,-71.156792",F_748522_2969609,CY24_FY24
4,,absentee - owner elsewhere in Belmont,51 HILL RD UNIT 110,110,Condominium,OAK REALTY & SERVICE COMPANY LLC,LLC / corporate,4 HILL RD,BELMONT,MA,02478,,,,,YES,,,,,2015-10-23,1,nominal / non-arms-length transfer,11,66271,339,261000,0,261000,,Condo,1,1086,,7,39-51-110,102,Residential Condominium,,,42.396912,-71.156792,"https://maps.google.com/?q=42.396912,-71.156792",F_748522_2969609,CY24_FY24
4,,absentee - owner elsewhere in Belmont,51 HILL RD UNIT 201,201,Condominium,OAK REALTY & SERVICE COMPANY LLC,LLC / corporate,4 HILL RD,BELMONT,MA,02478,,,,,YES,,,,,2015-10-23,1,nominal / non-arms-length transfer,11,66271,339,261000,0,261000,,Condo,1,1086,,7,39-51-201,102,Residential Condominium,,,42.396912,-71.156792,"https://maps.google.com/?q=42.396912,-71.156792",F_748522_2969609,CY24_FY24
4,,absentee - owner elsewhere in Belmont,51 HILL RD UNIT 202,202,Condominium,OAK REALTY & SERVICE COMPANY LLC,LLC / corporate,4 HILL RD,BELMONT,MA,02478,,,,,YES,,,,,2015-10-23,1,nominal / non-arms-length transfer,11,66271,339,261000,0,261000,,Condo,1,1086,,7,39-51-202,102,Residential Condominium,,,42.396912,-71.156792,"https://maps.google.com/?q=42.396912,-71.156792",F_748522_2969609,CY24_FY24
4,,absentee - owner elsewhere in Belmont,51 HILL RD UNIT 203,203,Condominium,OAK REALTY & SERVICE COMPANY LLC,LLC / corporate,4 HILL RD,BELMONT,MA,02478,,,,,YES,,,,,2015-10-23,1,nominal / non-arms-length transfer,11,66271,339,261000,0,261000,,Condo,1,1086,,7,39-51-203,102,Residential Condominium,,,42.396912,-71.156792,"https://maps.google.com/?q=42.396912,-71.156792",F_748522_2969609,CY24_FY24
4,,absentee - owner elsewhere in Belmont,51 HILL RD UNIT 204,204,Condominium,OAK REALTY & SERVICE COMPANY LLC,LLC / corporate,4 HILL RD,BELMONT,MA,02478,,,,,YES,,,,,2015-10-23,1,nominal / non-arms-length transfer,11,66271,339,261000,0,261000,,Condo,1,1086,,7,39-51-204,102,Residential Condominium,,,42.396912,-71.156792,"https://maps.google.com/?q=42.396912,-71.156792",F_748522_2969609,CY24_FY24
4,,absentee - owner elsewhere in Belmont,51 HILL RD UNIT 205,205,Condominium,OAK REALTY & SERVICE COMPANY LLC,LLC / corporate,4 HILL RD,BELMONT,MA,02478,,,,,YES,,,,,2015-10-23,1,nominal / non-arms-length transfer,11,66271,339,264000,0,264000,,Condo,1,1112,,7,39-51-205,102,Residential Condominium,,,42.396912,-71.156792,"https://maps.google.com/?q=42.396912,-71.156792",F_748522_2969609,CY24_FY24
4,,absentee - owner elsewhere in Belmont,51 HILL RD UNIT 206,206,Condominium,OAK REALTY & SERVICE COMPANY LLC,LLC / corporate,4 HILL RD,BELMONT,MA,02478,,,,,YES,,,,,2015-10-23,1,nominal / non-arms-length transfer,11,66271,339,256000,0,256000,,Condo,1,1040,,7,39-51-206,102,Residential Condominium,,,42.396912,-71.156792,"https://maps.google.com/?q=42.396912,-71.156792",F_748522_2969609,CY24_FY24
4,,absentee - owner elsewhere in Belmont,51 HILL RD UNIT 207,207,Condominium,OAK REALTY & SERVICE COMPANY LLC,LLC / corporate,4 HILL RD,BELMONT,MA,02478,,,,,YES,,,,,2015-10-23,1,nominal / non-arms-length transfer,11,66271,339,208000,0,208000,,Condo,1,726,,7,39-51-207,102,Residential Condominium,,,42.396912,-71.156792,"https://maps.google.com/?q=42.396912,-71.156792",F_748522_2969609,CY24_FY24
4,,absentee - owner elsewhere in Belmont,51 HILL RD UNIT 208,208,Condominium,OAK REALTY & SERVICE COMPANY LLC,LLC / corporate,4 HILL RD,BELMONT,MA,02478,,,,,YES,,,,,2015-10-23,1,nominal / non-arms-length transfer,11,66271,339,201000,0,201000,,Condo,1,685,,7,39-51-208,102,Residential Condominium,,,42.396912,-71.156792,"https://maps.google.com/?q=42.396912,-71.156792",F_748522_2969609,CY24_FY24
4,,absentee - owner elsewhere in Belmont,51 HILL RD UNIT 209,209,Condominium,OAK REALTY & SERVICE COMPANY LLC,LLC / corporate,4 HILL RD,BELMONT,MA,02478,,,,,YES,,,,,2015-10-23,1,nominal / non-arms-length transfer,11,66271,339,261000,0,261000,,Condo,1,1086,,7,39-51-209,102,Residential Condominium,,,42.396912,-71.156792,"https://maps.google.com/?q=42.396912,-71.156792",F_748522_2969609,CY24_FY24
4,,absentee - owner elsewhere in Belmont,51 HILL RD UNIT 210,210,Condominium,OAK REALTY & SERVICE COMPANY LLC,LLC / corporate,4 HILL RD,BELMONT,MA,02478,,,,,YES,,,,,2015-10-23,1,nominal / non-arms-length transfer,11,66271,339,261000,0,261000,,Condo,1,1086,,7,39-51-210,102,Residential Condominium,,,42.396912,-71.156792,"https://maps.google.com/?q=42.396912,-71.156792",F_748522_2969609,CY24_FY24
4,,absentee - owner elsewhere in Belmont,51 HILL RD UNIT 301,301,Condominium,OAK REALTY & SERVICE COMPANY LLC,LLC / corporate,4 HILL RD,BELMONT,MA,02478,,,,,YES,,,,,2015-10-23,1,nominal / non-arms-length transfer,11,66271,339,261000,0,261000,,Condo,1,1086,,7,39-51-301,102,Residential Condominium,,,42.396912,-71.156792,"https://maps.google.com/?q=42.396912,-71.156792",F_748522_2969609,CY24_FY24
4,,absentee - owner elsewhere in Belmont,51 HILL RD UNIT 302,302,Condominium,OAK REALTY & SERVICE COMPANY LLC,LLC / corporate,4 HILL RD,BELMONT,MA,02478,,,,,YES,,,,,2015-10-23,1,nominal / non-arms-length transfer,11,66271,339,261000,0,261000,,Condo,1,1086,,7,39-51-302,102,Residential Condominium,,,42.396912,-71.156792,"https://maps.google.com/?q=42.396912,-71.156792",F_748522_2969609,CY24_FY24
4,,absentee - owner elsewhere in Belmont,51 HILL RD UNIT 303,303,Condominium,OAK REALTY & SERVICE COMPANY LLC,LLC / corporate,4 HILL RD,BELMONT,MA,02478,,,,,YES,,,,,2015-10-23,1,nominal / non-arms-length transfer,11,66271,339,261000,0,261000,,Condo,1,1086,,7,39-51-303,102,Residential Condominium,,,42.396912,-71.156792,"https://maps.google.com/?q=42.396912,-71.156792",F_748522_2969609,CY24_FY24
4,,absentee - owner elsewhere in Belmont,51 HILL RD UNIT 304,304,Condominium,OAK REALTY & SERVICE COMPANY LLC,LLC / corporate,4 HILL RD,BELMONT,MA,02478,,,,,YES,,,,,2015-10-23,1,nominal / non-arms-length transfer,11,66271,339,261000,0,261000,,Condo,1,1086,,7,39-51-304,102,Residential Condominium,,,42.396912,-71.156792,"https://maps.google.com/?q=42.396912,-71.156792",F_748522_2969609,CY24_FY24
4,,absentee - owner elsewhere in Belmont,51 HILL RD UNIT 305,305,Condominium,OAK REALTY & SERVICE COMPANY LLC,LLC / corporate,4 HILL RD,BELMONT,MA,02478,,,,,YES,,,,,2015-10-23,1,nominal / non-arms-length transfer,11,66271,339,264000,0,264000,,Condo,1,1112,,7,39-51-305,102,Residential Condominium,,,42.396912,-71.156792,"https://maps.google.com/?q=42.396912,-71.156792",F_748522_2969609,CY24_FY24
4,,absentee - owner elsewhere in Belmont,51 HILL RD UNIT 306,306,Condominium,OAK REALTY & SERVICE COMPANY LLC,LLC / corporate,4 HILL RD,BELMONT,MA,02478,,,,,YES,,,,,2015-10-23,1,nominal / non-arms-length transfer,11,66271,339,256000,0,256000,,Condo,1,1040,,7,39-51-306,102,Residential Condominium,,,42.396912,-71.156792,"https://maps.google.com/?q=42.396912,-71.156792",F_748522_2969609,CY24_FY24
4,,absentee - owner elsewhere in Belmont,51 HILL RD UNIT 307,307,Condominium,OAK REALTY & SERVICE COMPANY LLC,LLC / corporate,4 HILL RD,BELMONT,MA,02478,,,,,YES,,,,,2015-10-23,1,nominal / non-arms-length transfer,11,66271,339,208000,0,208000,,Condo,1,726,,7,39-51-307,102,Residential Condominium,,,42.396912,-71.156792,"https://maps.google.com/?q=42.396912,-71.156792",F_748522_2969609,CY24_FY24
4,,absentee - owner elsewhere in Belmont,51 HILL RD UNIT 308,308,Condominium,OAK REALTY & SERVICE COMPANY LLC,LLC / corporate,4 HILL RD,BELMONT,MA,02478,,,,,YES,,,,,2015-10-23,1,nominal / non-arms-length transfer,11,66271,339,201000,0,201000,,Condo,1,685,,7,39-51-308,102,Residential Condominium,,,42.396912,-71.156792,"https://maps.google.com/?q=42.396912,-71.156792",F_748522_2969609,CY24_FY24
4,,absentee - owner elsewhere in Belmont,51 HILL RD UNIT 309,309,Condominium,OAK REALTY & SERVICE COMPANY LLC,LLC / corporate,4 HILL RD,BELMONT,MA,02478,,,,,YES,,,,,2015-10-23,1,nominal / non-arms-length transfer,11,66271,339,261000,0,261000,,Condo,1,1086,,7,39-51-309,102,Residential Condominium,,,42.396912,-71.156792,"https://maps.google.com/?q=42.396912,-71.156792",F_748522_2969609,CY24_FY24
4,,absentee - owner elsewhere in Belmont,51 HILL RD UNIT 310,310,Condominium,OAK REALTY & SERVICE COMPANY LLC,LLC / corporate,4 HILL RD,BELMONT,MA,02478,,,,,YES,,,,,2015-10-23,1,nominal / non-arms-length transfer,11,66271,339,261000,0,261000,,Condo,1,1086,,7,39-51-310,102,Residential Condominium,,,42.396912,-71.156792,"https://maps.google.com/?q=42.396912,-71.156792",F_748522_2969609,CY24_FY24
4,,absentee - owner elsewhere in Belmont,51 HILL RD UNIT 401,401,Condominium,OAK REALTY & SERVICE COMPANY LLC,LLC / corporate,4 HILL RD,BELMONT,MA,02478,,,,,YES,,,,,2015-10-23,1,nominal / non-arms-length transfer,11,66271,339,261000,0,261000,,Condo,1,1086,,7,39-51-401,102,Residential Condominium,,,42.396912,-71.156792,"https://maps.google.com/?q=42.396912,-71.156792",F_748522_2969609,CY24_FY24
4,,absentee - owner elsewhere in Belmont,51 HILL RD UNIT 402,402,Condominium,OAK REALTY & SERVICE COMPANY LLC,LLC / corporate,4 HILL RD,BELMONT,MA,02478,,,,,YES,,,,,2015-10-23,1,nominal / non-arms-length transfer,11,66271,339,261000,0,261000,,Condo,1,1086,,7,39-51-402,102,Residential Condominium,,,42.396912,-71.156792,"https://maps.google.com/?q=42.396912,-71.156792",F_748522_2969609,CY24_FY24
4,,absentee - owner elsewhere in Belmont,51 HILL RD UNIT 403,403,Condominium,OAK REALTY & SERVICE COMPANY LLC,LLC / corporate,4 HILL RD,BELMONT,MA,02478,,,,,YES,,,,,2015-10-23,1,nominal / non-arms-length transfer,11,66271,339,261000,0,261000,,Condo,1,1086,,7,39-51-403,102,Residential Condominium,,,42.396912,-71.156792,"https://maps.google.com/?q=42.396912,-71.156792",F_748522_2969609,CY24_FY24
4,,absentee - owner elsewhere in Belmont,51 HILL RD UNIT 404,404,Condominium,OAK REALTY & SERVICE COMPANY LLC,LLC / corporate,4 HILL RD,BELMONT,MA,02478,,,,,YES,,,,,2015-10-23,1,nominal / non-arms-length transfer,11,66271,339,261000,0,261000,,Condo,1,1086,,7,39-51-404,102,Residential Condominium,,,42.396912,-71.156792,"https://maps.google.com/?q=42.396912,-71.156792",F_748522_2969609,CY24_FY24
4,,absentee - owner elsewhere in Belmont,51 HILL RD UNIT 405,405,Condominium,OAK REALTY & SERVICE COMPANY LLC,LLC / corporate,4 HILL RD,BELMONT,MA,02478,,,,,YES,,,,,2015-10-23,1,nominal / non-arms-length transfer,11,66271,339,264000,0,264000,,Condo,1,1112,,7,39-51-405,102,Residential Condominium,,,42.396912,-71.156792,"https://maps.google.com/?q=42.396912,-71.156792",F_748522_2969609,CY24_FY24
4,,absentee - owner elsewhere in Belmont,51 HILL RD UNIT 406,406,Condominium,OAK REALTY & SERVICE COMPANY LLC,LLC / corporate,4 HILL RD,BELMONT,MA,02478,,,,,YES,,,,,2015-10-23,1,nominal / non-arms-length transfer,11,66271,339,256000,0,256000,,Condo,1,1040,,7,39-51-406,102,Residential Condominium,,,42.396912,-71.156792,"https://maps.google.com/?q=42.396912,-71.156792",F_748522_2969609,CY24_FY24
4,,absentee - owner elsewhere in Belmont,51 HILL RD UNIT 407,407,Condominium,OAK REALTY & SERVICE COMPANY LLC,LLC / corporate,4 HILL RD,BELMONT,MA,02478,,,,,YES,,,,,2015-10-23,1,nominal / non-arms-length transfer,11,66271,339,208000,0,208000,,Condo,1,726,,7,39-51-407,102,Residential Condominium,,,42.396912,-71.156792,"https://maps.google.com/?q=42.396912,-71.156792",F_748522_2969609,CY24_FY24
4,,absentee - owner elsewhere in Belmont,51 HILL RD UNIT 408,408,Condominium,OAK REALTY & SERVICE COMPANY LLC,LLC / corporate,4 HILL RD,BELMONT,MA,02478,,,,,YES,,,,,2015-10-23,1,nominal / non-arms-length transfer,11,66271,339,201000,0,201000,,Condo,1,685,,7,39-51-408,102,Residential Condominium,,,42.396912,-71.156792,"https://maps.google.com/?q=42.396912,-71.156792",F_748522_2969609,CY24_FY24
4,,absentee - owner elsewhere in Belmont,51 HILL RD UNIT 409,409,Condominium,OAK REALTY & SERVICE COMPANY LLC,LLC / corporate,4 HILL RD,BELMONT,MA,02478,,,,,YES,,,,,2015-10-23,1,nominal / non-arms-length transfer,11,66271,339,261000,0,261000,,Condo,1,1086,,7,39-51-409,102,Residential Condominium,,,42.396912,-71.156792,"https://maps.google.com/?q=42.396912,-71.156792",F_748522_2969609,CY24_FY24
4,,absentee - owner elsewhere in Belmont,51 HILL RD UNIT 410,410,Condominium,OAK REALTY & SERVICE COMPANY LLC,LLC / corporate,4 HILL RD,BELMONT,MA,02478,,,,,YES,,,,,2015-10-23,1,nominal / non-arms-length transfer,11,66271,339,261000,0,261000,,Condo,1,1086,,7,39-51-410,102,Residential Condominium,,,42.396912,-71.156792,"https://maps.google.com/?q=42.396912,-71.156792",F_748522_2969609,CY24_FY24
4,,absentee - owner elsewhere in Belmont,51 HILL RD UNIT 501,501,Condominium,OAK REALTY & SERVICE COMPANY LLC,LLC / corporate,4 HILL RD,BELMONT,MA,02478,,,,,YES,,,,,2015-10-23,1,nominal / non-arms-length transfer,11,66271,339,261000,0,261000,,Condo,1,1086,,7,39-51-501,102,Residential Condominium,,,42.396912,-71.156792,"https://maps.google.com/?q=42.396912,-71.156792",F_748522_2969609,CY24_FY24
4,,absentee - owner elsewhere in Belmont,51 HILL RD UNIT 502,502,Condominium,OAK REALTY & SERVICE COMPANY LLC,LLC / corporate,4 HILL RD,BELMONT,MA,02478,,,,,YES,,,,,2015-10-23,1,nominal / non-arms-length transfer,11,66271,339,261000,0,261000,,Condo,1,1086,,7,39-51-502,102,Residential Condominium,,,42.396912,-71.156792,"https://maps.google.com/?q=42.396912,-71.156792",F_748522_2969609,CY24_FY24
4,,absentee - owner elsewhere in Belmont,51 HILL RD UNIT 503,503,Condominium,OAK REALTY & SERVICE COMPANY LLC,LLC / corporate,4 HILL RD,BELMONT,MA,02478,,,,,YES,,,,,2015-10-23,1,nominal / non-arms-length transfer,11,66271,339,261000,0,261000,,Condo,1,1086,,7,39-51-503,102,Residential Condominium,,,42.396912,-71.156792,"https://maps.google.com/?q=42.396912,-71.156792",F_748522_2969609,CY24_FY24
4,,absentee - owner elsewhere in Belmont,51 HILL RD UNIT 504,504,Condominium,OAK REALTY & SERVICE COMPANY LLC,LLC / corporate,4 HILL RD,BELMONT,MA,02478,,,,,YES,,,,,2015-10-23,1,nominal / non-arms-length transfer,11,66271,339,261000,0,261000,,Condo,1,1086,,7,39-51-504,102,Residential Condominium,,,42.396912,-71.156792,"https://maps.google.com/?q=42.396912,-71.156792",F_748522_2969609,CY24_FY24
4,,absentee - owner elsewhere in Belmont,51 HILL RD UNIT 505,505,Condominium,OAK REALTY & SERVICE COMPANY LLC,LLC / corporate,4 HILL RD,BELMONT,MA,02478,,,,,YES,,,,,2015-10-23,1,nominal / non-arms-length transfer,11,66271,339,264000,0,264000,,Condo,1,1112,,7,39-51-505,102,Residential Condominium,,,42.396912,-71.156792,"https://maps.google.com/?q=42.396912,-71.156792",F_748522_2969609,CY24_FY24
4,,absentee - owner elsewhere in Belmont,51 HILL RD UNIT 506,506,Condominium,OAK REALTY & SERVICE COMPANY LLC,LLC / corporate,4 HILL RD,BELMONT,MA,02478,,,,,YES,,,,,2015-10-23,1,nominal / non-arms-length transfer,11,66271,339,256000,0,256000,,Condo,1,1040,,7,39-51-506,102,Residential Condominium,,,42.396912,-71.156792,"https://maps.google.com/?q=42.396912,-71.156792",F_748522_2969609,CY24_FY24
4,,absentee - owner elsewhere in Belmont,51 HILL RD UNIT 507,507,Condominium,OAK REALTY & SERVICE COMPANY LLC,LLC / corporate,4 HILL RD,BELMONT,MA,02478,,,,,YES,,,,,2015-10-23,1,nominal / non-arms-length transfer,11,66271,339,208000,0,208000,,Condo,1,726,,7,39-51-507,102,Residential Condominium,,,42.396912,-71.156792,"https://maps.google.com/?q=42.396912,-71.156792",F_748522_2969609,CY24_FY24
4,,absentee - owner elsewhere in Belmont,51 HILL RD UNIT 508,508,Condominium,OAK REALTY & SERVICE COMPANY LLC,LLC / corporate,4 HILL RD,BELMONT,MA,02478,,,,,YES,,,,,2015-10-23,1,nominal / non-arms-length transfer,11,66271,339,201000,0,201000,,Condo,1,685,,7,39-51-508,102,Residential Condominium,,,42.396912,-71.156792,"https://maps.google.com/?q=42.396912,-71.156792",F_748522_2969609,CY24_FY24
4,,absentee - owner elsewhere in Belmont,51 HILL RD UNIT 509,509,Condominium,OAK REALTY & SERVICE COMPANY LLC,LLC / corporate,4 HILL RD,BELMONT,MA,02478,,,,,YES,,,,,2015-10-23,1,nominal / non-arms-length transfer,11,66271,339,261000,0,261000,,Condo,1,1086,,7,39-51-509,102,Residential Condominium,,,42.396912,-71.156792,"https://maps.google.com/?q=42.396912,-71.156792",F_748522_2969609,CY24_FY24
4,,absentee - owner elsewhere in Belmont,51 HILL RD UNIT 510,510,Condominium,OAK REALTY & SERVICE COMPANY LLC,LLC / corporate,4 HILL RD,BELMONT,MA,02478,,,,,YES,,,,,2015-10-23,1,nominal / non-arms-length transfer,11,66271,339,261000,0,261000,,Condo,1,1086,,7,39-51-510,102,Residential Condominium,,,42.396912,-71.156792,"https://maps.google.com/?q=42.396912,-71.156792",F_748522_2969609,CY24_FY24
4,,absentee - owner elsewhere in Belmont,51 HILL RD UNIT 601,601,Condominium,OAK REALTY & SERVICE COMPANY LLC,LLC / corporate,4 HILL RD,BELMONT,MA,02478,,,,,YES,,,,,2015-10-23,1,nominal / non-arms-length transfer,11,66271,339,261000,0,261000,,Condo,1,1086,,7,39-51-601,102,Residential Condominium,,,42.396912,-71.156792,"https://maps.google.com/?q=42.396912,-71.156792",F_748522_2969609,CY24_FY24
4,,absentee - owner elsewhere in Belmont,51 HILL RD UNIT 602,602,Condominium,OAK REALTY & SERVICE COMPANY LLC,LLC / corporate,4 HILL RD,BELMONT,MA,02478,,,,,YES,,,,,2015-10-23,1,nominal / non-arms-length transfer,11,66271,339,261000,0,261000,,Condo,1,1086,,7,39-51-602,102,Residential Condominium,,,42.396912,-71.156792,"https://maps.google.com/?q=42.396912,-71.156792",F_748522_2969609,CY24_FY24
4,,absentee - owner elsewhere in Belmont,51 HILL RD UNIT 603,603,Condominium,OAK REALTY & SERVICE COMPANY LLC,LLC / corporate,4 HILL RD,BELMONT,MA,02478,,,,,YES,,,,,2015-10-23,1,nominal / non-arms-length transfer,11,66271,339,261000,0,261000,,Condo,1,1086,,7,39-51-603,102,Residential Condominium,,,42.396912,-71.156792,"https://maps.google.com/?q=42.396912,-71.156792",F_748522_2969609,CY24_FY24
4,,absentee - owner elsewhere in Belmont,51 HILL RD UNIT 604,604,Condominium,OAK REALTY & SERVICE COMPANY LLC,LLC / corporate,4 HILL RD,BELMONT,MA,02478,,,,,YES,,,,,2015-10-23,1,nominal / non-arms-length transfer,11,66271,339,261000,0,261000,,Condo,1,1086,,7,39-51-604,102,Residential Condominium,,,42.396912,-71.156792,"https://maps.google.com/?q=42.396912,-71.156792",F_748522_2969609,CY24_FY24
4,,absentee - owner elsewhere in Belmont,51 HILL RD UNIT 605,605,Condominium,OAK REALTY & SERVICE COMPANY LLC,LLC / corporate,4 HILL RD,BELMONT,MA,02478,,,,,YES,,,,,2015-10-23,1,nominal / non-arms-length transfer,11,66271,339,264000,0,264000,,Condo,1,1112,,7,39-51-605,102,Residential Condominium,,,42.396912,-71.156792,"https://maps.google.com/?q=42.396912,-71.156792",F_748522_2969609,CY24_FY24
4,,absentee - owner elsewhere in Belmont,51 HILL RD UNIT 606,606,Condominium,OAK REALTY & SERVICE COMPANY LLC,LLC / corporate,4 HILL RD,BELMONT,MA,02478,,,,,YES,,,,,2015-10-23,1,nominal / non-arms-length transfer,11,66271,339,256000,0,256000,,Condo,1,1040,,7,39-51-606,102,Residential Condominium,,,42.396912,-71.156792,"https://maps.google.com/?q=42.396912,-71.156792",F_748522_2969609,CY24_FY24
4,,absentee - owner elsewhere in Belmont,51 HILL RD UNIT 607,607,Condominium,OAK REALTY & SERVICE COMPANY LLC,LLC / corporate,4 HILL RD,BELMONT,MA,02478,,,,,YES,,,,,2015-10-23,1,nominal / non-arms-length transfer,11,66271,339,208000,0,208000,,Condo,1,726,,7,39-51-607,102,Residential Condominium,,,42.396912,-71.156792,"https://maps.google.com/?q=42.396912,-71.156792",F_748522_2969609,CY24_FY24
4,,absentee - owner elsewhere in Belmont,51 HILL RD UNIT 608,608,Condominium,OAK REALTY & SERVICE COMPANY LLC,LLC / corporate,4 HILL RD,BELMONT,MA,02478,,,,,YES,,,,,2015-10-23,1,nominal / non-arms-length transfer,11,66271,339,201000,0,201000,,Condo,1,685,,7,39-51-608,102,Residential Condominium,,,42.396912,-71.156792,"https://maps.google.com/?q=42.396912,-71.156792",F_748522_2969609,CY24_FY24
4,,absentee - owner elsewhere in Belmont,51 HILL RD UNIT 609,609,Condominium,OAK REALTY & SERVICE COMPANY LLC,LLC / corporate,4 HILL RD,BELMONT,MA,02478,,,,,YES,,,,,2015-10-23,1,nominal / non-arms-length transfer,11,66271,339,261000,0,261000,,Condo,1,1086,,7,39-51-609,102,Residential Condominium,,,42.396912,-71.156792,"https://maps.google.com/?q=42.396912,-71.156792",F_748522_2969609,CY24_FY24
4,,absentee - owner elsewhere in Belmont,51 HILL RD UNIT 610,610,Condominium,OAK REALTY & SERVICE COMPANY LLC,LLC / corporate,4 HILL RD,BELMONT,MA,02478,,,,,YES,,,,,2015-10-23,1,nominal / non-arms-length transfer,11,66271,339,261000,0,261000,,Condo,1,1086,,7,39-51-610,102,Residential Condominium,,,42.396912,-71.156792,"https://maps.google.com/?q=42.396912,-71.156792",F_748522_2969609,CY24_FY24
4,,absentee - owner elsewhere in Belmont,51 HILL RD UNIT 701,701,Condominium,OAK REALTY & SERVICE COMPANY LLC,LLC / corporate,4 HILL RD,BELMONT,MA,02478,,,,,YES,,,,,2015-10-23,1,nominal / non-arms-length transfer,11,66271,339,261000,0,261000,,Condo,1,1086,,7,39-51-701,102,Residential Condominium,,,42.396912,-71.156792,"https://maps.google.com/?q=42.396912,-71.156792",F_748522_2969609,CY24_FY24
4,,absentee - owner elsewhere in Belmont,51 HILL RD UNIT 702,702,Condominium,OAK REALTY & SERVICE COMPANY LLC,LLC / corporate,4 HILL RD,BELMONT,MA,02478,,,,,YES,,,,,2015-10-23,1,nominal / non-arms-length transfer,11,66271,339,261000,0,261000,,Condo,1,1086,,7,39-51-702,102,Residential Condominium,,,42.396912,-71.156792,"https://maps.google.com/?q=42.396912,-71.156792",F_748522_2969609,CY24_FY24
4,,absentee - owner elsewhere in Belmont,51 HILL RD UNIT 703,703,Condominium,OAK REALTY & SERVICE COMPANY LLC,LLC / corporate,4 HILL RD,BELMONT,MA,02478,,,,,YES,,,,,2015-10-23,1,nominal / non-arms-length transfer,11,66271,339,261000,0,261000,,Condo,1,1086,,7,39-51-703,102,Residential Condominium,,,42.396912,-71.156792,"https://maps.google.com/?q=42.396912,-71.156792",F_748522_2969609,CY24_FY24
4,,absentee - owner elsewhere in Belmont,51 HILL RD UNIT 704,704,Condominium,OAK REALTY & SERVICE COMPANY LLC,LLC / corporate,4 HILL RD,BELMONT,MA,02478,,,,,YES,,,,,2015-10-23,1,nominal / non-arms-length transfer,11,66271,339,261000,0,261000,,Condo,1,1086,,7,39-51-704,102,Residential Condominium,,,42.396912,-71.156792,"https://maps.google.com/?q=42.396912,-71.156792",F_748522_2969609,CY24_FY24
4,,absentee - owner elsewhere in Belmont,51 HILL RD UNIT 705,705,Condominium,OAK REALTY & SERVICE COMPANY LLC,LLC / corporate,4 HILL RD,BELMONT,MA,02478,,,,,YES,,,,,2015-10-23,1,nominal / non-arms-length transfer,11,66271,339,264000,0,264000,,Condo,1,1112,,7,39-51-705,102,Residential Condominium,,,42.396912,-71.156792,"https://maps.google.com/?q=42.396912,-71.156792",F_748522_2969609,CY24_FY24
4,,absentee - owner elsewhere in Belmont,51 HILL RD UNIT 706,706,Condominium,OAK REALTY & SERVICE COMPANY LLC,LLC / corporate,4 HILL RD,BELMONT,MA,02478,,,,,YES,,,,,2015-10-23,1,nominal / non-arms-length transfer,11,66271,339,256000,0,256000,,Condo,1,1040,,7,39-51-706,102,Residential Condominium,,,42.396912,-71.156792,"https://maps.google.com/?q=42.396912,-71.156792",F_748522_2969609,CY24_FY24
4,,absentee - owner elsewhere in Belmont,51 HILL RD UNIT 707,707,Condominium,OAK REALTY & SERVICE COMPANY LLC,LLC / corporate,4 HILL RD,BELMONT,MA,02478,,,,,YES,,,,,2015-10-23,1,nominal / non-arms-length transfer,11,66271,339,208000,0,208000,,Condo,1,726,,7,39-51-707,102,Residential Condominium,,,42.396912,-71.156792,"https://maps.google.com/?q=42.396912,-71.156792",F_748522_2969609,CY24_FY24
4,,absentee - owner elsewhere in Belmont,51 HILL RD UNIT 708,708,Condominium,OAK REALTY & SERVICE COMPANY LLC,LLC / corporate,4 HILL RD,BELMONT,MA,02478,,,,,YES,,,,,2015-10-23,1,nominal / non-arms-length transfer,11,66271,339,201000,0,201000,,Condo,1,685,,7,39-51-708,102,Residential Condominium,,,42.396912,-71.156792,"https://maps.google.com/?q=42.396912,-71.156792",F_748522_2969609,CY24_FY24
4,,absentee - owner elsewhere in Belmont,51 HILL RD UNIT 709,709,Condominium,OAK REALTY & SERVICE COMPANY LLC,LLC / corporate,4 HILL RD,BELMONT,MA,02478,,,,,YES,,,,,2015-10-23,1,nominal / non-arms-length transfer,11,66271,339,261000,0,261000,,Condo,1,1086,,7,39-51-709,102,Residential Condominium,,,42.396912,-71.156792,"https://maps.google.com/?q=42.396912,-71.156792",F_748522_2969609,CY24_FY24
4,,absentee - owner elsewhere in Belmont,51 HILL RD UNIT 710,710,Condominium,OAK REALTY & SERVICE COMPANY LLC,LLC / corporate,4 HILL RD,BELMONT,MA,02478,,,,,YES,,,,,2015-10-23,1,nominal / non-arms-length transfer,11,66271,339,261000,0,261000,,Condo,1,1086,,7,39-51-710,102,Residential Condominium,,,42.396912,-71.156792,"https://maps.google.com/?q=42.396912,-71.156792",F_748522_2969609,CY24_FY24
4,,absentee - out of state,527 COMMON ST,,"Mixed use, mostly residential",BELMONT RESIDENTIAL PROPERTY OWNER LLC,LLC / corporate,2727 LBJ FREEWAY SUITE 806,DALLAS,TX,75234,,,,,YES,,,,,2016-10-19,14260000,market sale,10,68233,123,3027000,907000,2120000,,,,,25081,4,12-233,013,"Mixed Use (Primarily Residential, some Commercial)",,,42.379755,-71.175625,"https://maps.google.com/?q=42.379755,-71.175625",F_743810_2963576,CY24_FY24
4,,absentee - owner elsewhere in Belmont,53 HILL RD UNIT 101,101,Condominium,OAK REALTY & SERVICE COMPANY LLC,LLC / corporate,4 HILL RD,BELMONT,MA,02478,,,,,YES,,,,,2015-10-23,1,nominal / non-arms-length transfer,11,66271,339,261000,0,261000,,Condo,1,1086,,7,39-53-101,102,Residential Condominium,,,42.396912,-71.156792,"https://maps.google.com/?q=42.396912,-71.156792",F_748522_2969609,CY24_FY24
4,,absentee - owner elsewhere in Belmont,53 HILL RD UNIT 102,102,Condominium,OAK REALTY & SERVICE COMPANY LLC,LLC / corporate,4 HILL RD,BELMONT,MA,02478,,,,,YES,,,,,2015-10-23,1,nominal / non-arms-length transfer,11,66271,339,261000,0,261000,,Condo,1,1086,,7,39-53-102,102,Residential Condominium,,,42.396912,-71.156792,"https://maps.google.com/?q=42.396912,-71.156792",F_748522_2969609,CY24_FY24
4,,absentee - owner elsewhere in Belmont,53 HILL RD UNIT 103,103,Condominium,OAK REALTY & SERVICE COMPANY LLC,LLC / corporate,4 HILL RD,BELMONT,MA,02478,,,,,YES,,,,,2015-10-23,1,nominal / non-arms-length transfer,11,66271,339,261000,0,261000,,Condo,1,1086,,7,39-53-103,102,Residential Condominium,,,42.396912,-71.156792,"https://maps.google.com/?q=42.396912,-71.156792",F_748522_2969609,CY24_FY24
4,,absentee - owner elsewhere in Belmont,53 HILL RD UNIT 104,104,Condominium,OAK REALTY & SERVICE COMPANY LLC,LLC / corporate,4 HILL RD,BELMONT,MA,02478,,,,,YES,,,,,2015-10-23,1,nominal / non-arms-length transfer,11,66271,339,261000,0,261000,,Condo,1,1086,,7,39-53-104,102,Residential Condominium,,,42.396912,-71.156792,"https://maps.google.com/?q=42.396912,-71.156792",F_748522_2969609,CY24_FY24
4,,absentee - owner elsewhere in Belmont,53 HILL RD UNIT 105,105,Condominium,OAK REALTY & SERVICE COMPANY LLC,LLC / corporate,4 HILL RD,BELMONT,MA,02478,,,,,YES,,,,,2015-10-23,1,nominal / non-arms-length transfer,11,66271,339,153000,0,153000,,Condo,1,437,,7,39-53-105,102,Residential Condominium,,,42.396912,-71.156792,"https://maps.google.com/?q=42.396912,-71.156792",F_748522_2969609,CY24_FY24
4,,absentee - owner elsewhere in Belmont,53 HILL RD UNIT 106,106,Condominium,OAK REALTY & SERVICE COMPANY LLC,LLC / corporate,4 HILL RD,BELMONT,MA,02478,,,,,YES,,,,,2015-10-23,1,nominal / non-arms-length transfer,11,66271,339,256000,0,256000,,Condo,1,1040,,7,39-53-106,102,Residential Condominium,,,42.396912,-71.156792,"https://maps.google.com/?q=42.396912,-71.156792",F_748522_2969609,CY24_FY24
4,,absentee - owner elsewhere in Belmont,53 HILL RD UNIT 107,107,Condominium,OAK REALTY & SERVICE COMPANY LLC,LLC / corporate,4 HILL RD,BELMONT,MA,02478,,,,,YES,,,,,2015-10-23,1,nominal / non-arms-length transfer,11,66271,339,208000,0,208000,,Condo,1,726,,7,39-53-107,102,Residential Condominium,,,42.396912,-71.156792,"https://maps.google.com/?q=42.396912,-71.156792",F_748522_2969609,CY24_FY24
4,,absentee - owner elsewhere in Belmont,53 HILL RD UNIT 108,108,Condominium,OAK REALTY & SERVICE COMPANY LLC,LLC / corporate,4 HILL RD,BELMONT,MA,02478,,,,,YES,,,,,2015-10-23,1,nominal / non-arms-length transfer,11,66271,339,201000,0,201000,,Condo,1,685,,7,39-53-108,102,Residential Condominium,,,42.396912,-71.156792,"https://maps.google.com/?q=42.396912,-71.156792",F_748522_2969609,CY24_FY24
4,,absentee - owner elsewhere in Belmont,53 HILL RD UNIT 109,109,Condominium,OAK REALTY & SERVICE COMPANY LLC,LLC / corporate,4 HILL RD,BELMONT,MA,02478,,,,,YES,,,,,2015-10-23,1,nominal / non-arms-length transfer,11,66271,339,261000,0,261000,,Condo,1,1086,,7,39-53-109,102,Residential Condominium,,,42.396912,-71.156792,"https://maps.google.com/?q=42.396912,-71.156792",F_748522_2969609,CY24_FY24
4,,absentee - owner elsewhere in Belmont,53 HILL RD UNIT 110,110,Condominium,OAK REALTY & SERVICE COMPANY LLC,LLC / corporate,4 HILL RD,BELMONT,MA,02478,,,,,YES,,,,,2015-10-23,1,nominal / non-arms-length transfer,11,66271,339,261000,0,261000,,Condo,1,1086,,7,39-53-110,102,Residential Condominium,,,42.396912,-71.156792,"https://maps.google.com/?q=42.396912,-71.156792",F_748522_2969609,CY24_FY24
4,,absentee - owner elsewhere in Belmont,53 HILL RD UNIT 111,111,Condominium,OAK REALTY & SERVICE COMPANY LLC,LLC / corporate,4 HILL RD,BELMONT,MA,02478,,,,,YES,,,,,2015-10-23,1,nominal / non-arms-length transfer,11,66271,339,261000,0,261000,,Condo,1,1086,,7,39-53-111,102,Residential Condominium,,,42.396912,-71.156792,"https://maps.google.com/?q=42.396912,-71.156792",F_748522_2969609,CY24_FY24
4,,absentee - owner elsewhere in Belmont,53 HILL RD UNIT 112,112,Condominium,OAK REALTY & SERVICE COMPANY LLC,LLC / corporate,4 HILL RD,BELMONT,MA,02478,,,,,YES,,,,,2015-10-23,1,nominal / non-arms-length transfer,11,66271,339,261000,0,261000,,Condo,1,1086,,7,39-53-112,102,Residential Condominium,,,42.396912,-71.156792,"https://maps.google.com/?q=42.396912,-71.156792",F_748522_2969609,CY24_FY24
4,,absentee - owner elsewhere in Belmont,53 HILL RD UNIT 201,201,Condominium,OAK REALTY & SERVICE COMPANY LLC,LLC / corporate,4 HILL RD,BELMONT,MA,02478,,,,,YES,,,,,2015-10-23,1,nominal / non-arms-length transfer,11,66271,339,261000,0,261000,,Condo,1,1086,,7,39-53-201,102,Residential Condominium,,,42.396912,-71.156792,"https://maps.google.com/?q=42.396912,-71.156792",F_748522_2969609,CY24_FY24
4,,absentee - owner elsewhere in Belmont,53 HILL RD UNIT 202,202,Condominium,OAK REALTY & SERVICE COMPANY LLC,LLC / corporate,4 HILL RD,BELMONT,MA,02478,,,,,YES,,,,,2015-10-23,1,nominal / non-arms-length transfer,11,66271,339,261000,0,261000,,Condo,1,1086,,7,39-53-202,102,Residential Condominium,,,42.396912,-71.156792,"https://maps.google.com/?q=42.396912,-71.156792",F_748522_2969609,CY24_FY24
4,,absentee - owner elsewhere in Belmont,53 HILL RD UNIT 203,203,Condominium,OAK REALTY & SERVICE COMPANY LLC,LLC / corporate,4 HILL RD,BELMONT,MA,02478,,,,,YES,,,,,2015-10-23,1,nominal / non-arms-length transfer,11,66271,339,261000,0,261000,,Condo,1,1086,,7,39-53-203,102,Residential Condominium,,,42.396912,-71.156792,"https://maps.google.com/?q=42.396912,-71.156792",F_748522_2969609,CY24_FY24
4,,absentee - owner elsewhere in Belmont,53 HILL RD UNIT 204,204,Condominium,OAK REALTY & SERVICE COMPANY LLC,LLC / corporate,4 HILL RD,BELMONT,MA,02478,,,,,YES,,,,,2015-10-23,1,nominal / non-arms-length transfer,11,66271,339,261000,0,261000,,Condo,1,1086,,7,39-53-204,102,Residential Condominium,,,42.396912,-71.156792,"https://maps.google.com/?q=42.396912,-71.156792",F_748522_2969609,CY24_FY24
4,,absentee - owner elsewhere in Belmont,53 HILL RD UNIT 205,205,Condominium,OAK REALTY & SERVICE COMPANY LLC,LLC / corporate,4 HILL RD,BELMONT,MA,02478,,,,,YES,,,,,2015-10-23,1,nominal / non-arms-length transfer,11,66271,339,253000,0,253000,,Condo,1,1010,,7,39-53-205,102,Residential Condominium,,,42.396912,-71.156792,"https://maps.google.com/?q=42.396912,-71.156792",F_748522_2969609,CY24_FY24
4,,absentee - owner elsewhere in Belmont,53 HILL RD UNIT 206,206,Condominium,OAK REALTY & SERVICE COMPANY LLC,LLC / corporate,4 HILL RD,BELMONT,MA,02478,,,,,YES,,,,,2015-10-23,1,nominal / non-arms-length transfer,11,66271,339,256000,0,256000,,Condo,1,1040,,7,39-53-206,102,Residential Condominium,,,42.396912,-71.156792,"https://maps.google.com/?q=42.396912,-71.156792",F_748522_2969609,CY24_FY24
4,,absentee - owner elsewhere in Belmont,53 HILL RD UNIT 207,207,Condominium,OAK REALTY & SERVICE COMPANY LLC,LLC / corporate,4 HILL RD,BELMONT,MA,02478,,,,,YES,,,,,2015-10-23,1,nominal / non-arms-length transfer,11,66271,339,208000,0,208000,,Condo,1,726,,7,39-53-207,102,Residential Condominium,,,42.396912,-71.156792,"https://maps.google.com/?q=42.396912,-71.156792",F_748522_2969609,CY24_FY24
4,,absentee - owner elsewhere in Belmont,53 HILL RD UNIT 208,208,Condominium,OAK REALTY & SERVICE COMPANY LLC,LLC / corporate,4 HILL RD,BELMONT,MA,02478,,,,,YES,,,,,2015-10-23,1,nominal / non-arms-length transfer,11,66271,339,201000,0,201000,,Condo,1,685,,7,39-53-208,102,Residential Condominium,,,42.396912,-71.156792,"https://maps.google.com/?q=42.396912,-71.156792",F_748522_2969609,CY24_FY24
4,,absentee - owner elsewhere in Belmont,53 HILL RD UNIT 209,209,Condominium,OAK REALTY & SERVICE COMPANY LLC,LLC / corporate,4 HILL RD,BELMONT,MA,02478,,,,,YES,,,,,2015-10-23,1,nominal / non-arms-length transfer,11,66271,339,261000,0,261000,,Condo,1,1086,,7,39-53-209,102,Residential Condominium,,,42.396912,-71.156792,"https://maps.google.com/?q=42.396912,-71.156792",F_748522_2969609,CY24_FY24
4,,absentee - owner elsewhere in Belmont,53 HILL RD UNIT 210,210,Condominium,OAK REALTY & SERVICE COMPANY LLC,LLC / corporate,4 HILL RD,BELMONT,MA,02478,,,,,YES,,,,,2015-10-23,1,nominal / non-arms-length transfer,11,66271,339,261000,0,261000,,Condo,1,1086,,7,39-53-210,102,Residential Condominium,,,42.396912,-71.156792,"https://maps.google.com/?q=42.396912,-71.156792",F_748522_2969609,CY24_FY24
4,,absentee - owner elsewhere in Belmont,53 HILL RD UNIT 211,211,Condominium,OAK REALTY & SERVICE COMPANY LLC,LLC / corporate,4 HILL RD,BELMONT,MA,02478,,,,,YES,,,,,2015-10-23,1,nominal / non-arms-length transfer,11,66271,339,261000,0,261000,,Condo,1,1086,,7,39-53-211,102,Residential Condominium,,,42.396912,-71.156792,"https://maps.google.com/?q=42.396912,-71.156792",F_748522_2969609,CY24_FY24
4,,absentee - owner elsewhere in Belmont,53 HILL RD UNIT 212,212,Condominium,OAK REALTY & SERVICE COMPANY LLC,LLC / corporate,4 HILL RD,BELMONT,MA,02478,,,,,YES,,,,,2015-10-23,1,nominal / non-arms-length transfer,11,66271,339,261000,0,261000,,Condo,1,1086,,7,39-53-212,102,Residential Condominium,,,42.396912,-71.156792,"https://maps.google.com/?q=42.396912,-71.156792",F_748522_2969609,CY24_FY24
4,,absentee - owner elsewhere in Belmont,53 HILL RD UNIT 301,301,Condominium,OAK REALTY & SERVICE COMPANY LLC,LLC / corporate,4 HILL RD,BELMONT,MA,02478,,,,,YES,,,,,2015-10-23,1,nominal / non-arms-length transfer,11,66271,339,261000,0,261000,,Condo,1,1086,,7,39-53-301,102,Residential Condominium,,,42.396912,-71.156792,"https://maps.google.com/?q=42.396912,-71.156792",F_748522_2969609,CY24_FY24
4,,absentee - owner elsewhere in Belmont,53 HILL RD UNIT 302,302,Condominium,OAK REALTY & SERVICE COMPANY LLC,LLC / corporate,4 HILL RD,BELMONT,MA,02478,,,,,YES,,,,,2015-10-23,1,nominal / non-arms-length transfer,11,66271,339,261000,0,261000,,Condo,1,1086,,7,39-53-302,102,Residential Condominium,,,42.396912,-71.156792,"https://maps.google.com/?q=42.396912,-71.156792",F_748522_2969609,CY24_FY24
4,,absentee - owner elsewhere in Belmont,53 HILL RD UNIT 303,303,Condominium,OAK REALTY & SERVICE COMPANY LLC,LLC / corporate,4 HILL RD,BELMONT,MA,02478,,,,,YES,,,,,2015-10-23,1,nominal / non-arms-length transfer,11,66271,339,261000,0,261000,,Condo,1,1086,,7,39-53-303,102,Residential Condominium,,,42.396912,-71.156792,"https://maps.google.com/?q=42.396912,-71.156792",F_748522_2969609,CY24_FY24
4,,absentee - owner elsewhere in Belmont,53 HILL RD UNIT 304,304,Condominium,OAK REALTY & SERVICE COMPANY LLC,LLC / corporate,4 HILL RD,BELMONT,MA,02478,,,,,YES,,,,,2015-10-23,1,nominal / non-arms-length transfer,11,66271,339,261000,0,261000,,Condo,1,1086,,7,39-53-304,102,Residential Condominium,,,42.396912,-71.156792,"https://maps.google.com/?q=42.396912,-71.156792",F_748522_2969609,CY24_FY24
4,,absentee - owner elsewhere in Belmont,53 HILL RD UNIT 305,305,Condominium,OAK REALTY & SERVICE COMPANY LLC,LLC / corporate,4 HILL RD,BELMONT,MA,02478,,,,,YES,,,,,2015-10-23,1,nominal / non-arms-length transfer,11,66271,339,253000,0,253000,,Condo,1,1010,,7,39-53-305,102,Residential Condominium,,,42.396912,-71.156792,"https://maps.google.com/?q=42.396912,-71.156792",F_748522_2969609,CY24_FY24
4,,absentee - owner elsewhere in Belmont,53 HILL RD UNIT 306,306,Condominium,OAK REALTY & SERVICE COMPANY LLC,LLC / corporate,4 HILL RD,BELMONT,MA,02478,,,,,YES,,,,,2015-10-23,1,nominal / non-arms-length transfer,11,66271,339,256000,0,256000,,Condo,1,1040,,7,39-53-306,102,Residential Condominium,,,42.396912,-71.156792,"https://maps.google.com/?q=42.396912,-71.156792",F_748522_2969609,CY24_FY24
4,,absentee - owner elsewhere in Belmont,53 HILL RD UNIT 307,307,Condominium,OAK REALTY & SERVICE COMPANY LLC,LLC / corporate,4 HILL RD,BELMONT,MA,02478,,,,,YES,,,,,2015-10-23,1,nominal / non-arms-length transfer,11,66271,339,208000,0,208000,,Condo,1,726,,7,39-53-307,102,Residential Condominium,,,42.396912,-71.156792,"https://maps.google.com/?q=42.396912,-71.156792",F_748522_2969609,CY24_FY24
4,,absentee - owner elsewhere in Belmont,53 HILL RD UNIT 308,308,Condominium,OAK REALTY & SERVICE COMPANY LLC,LLC / corporate,4 HILL RD,BELMONT,MA,02478,,,,,YES,,,,,2015-10-23,1,nominal / non-arms-length transfer,11,66271,339,201000,0,201000,,Condo,1,685,,7,39-53-308,102,Residential Condominium,,,42.396912,-71.156792,"https://maps.google.com/?q=42.396912,-71.156792",F_748522_2969609,CY24_FY24
4,,absentee - owner elsewhere in Belmont,53 HILL RD UNIT 309,309,Condominium,OAK REALTY & SERVICE COMPANY LLC,LLC / corporate,4 HILL RD,BELMONT,MA,02478,,,,,YES,,,,,2015-10-23,1,nominal / non-arms-length transfer,11,66271,339,261000,0,261000,,Condo,1,1086,,7,39-53-309,102,Residential Condominium,,,42.396912,-71.156792,"https://maps.google.com/?q=42.396912,-71.156792",F_748522_2969609,CY24_FY24
4,,absentee - owner elsewhere in Belmont,53 HILL RD UNIT 310,310,Condominium,OAK REALTY & SERVICE COMPANY LLC,LLC / corporate,4 HILL RD,BELMONT,MA,02478,,,,,YES,,,,,2015-10-23,1,nominal / non-arms-length transfer,11,66271,339,261000,0,261000,,Condo,1,1086,,7,39-53-310,102,Residential Condominium,,,42.396912,-71.156792,"https://maps.google.com/?q=42.396912,-71.156792",F_748522_2969609,CY24_FY24
4,,absentee - owner elsewhere in Belmont,53 HILL RD UNIT 311,311,Condominium,OAK REALTY & SERVICE COMPANY LLC,LLC / corporate,4 HILL RD,BELMONT,MA,02478,,,,,YES,,,,,2015-10-23,1,nominal / non-arms-length transfer,11,66271,339,261000,0,261000,,Condo,1,1086,,7,39-53-311,102,Residential Condominium,,,42.396912,-71.156792,"https://maps.google.com/?q=42.396912,-71.156792",F_748522_2969609,CY24_FY24
4,,absentee - owner elsewhere in Belmont,53 HILL RD UNIT 312,312,Condominium,OAK REALTY & SERVICE COMPANY LLC,LLC / corporate,4 HILL RD,BELMONT,MA,02478,,,,,YES,,,,,2015-10-23,1,nominal / non-arms-length transfer,11,66271,339,261000,0,261000,,Condo,1,1086,,7,39-53-312,102,Residential Condominium,,,42.396912,-71.156792,"https://maps.google.com/?q=42.396912,-71.156792",F_748522_2969609,CY24_FY24
4,,absentee - owner elsewhere in Belmont,53 HILL RD UNIT 401,401,Condominium,OAK REALTY & SERVICE COMPANY LLC,LLC / corporate,4 HILL RD,BELMONT,MA,02478,,,,,YES,,,,,2015-10-23,1,nominal / non-arms-length transfer,11,66271,339,261000,0,261000,,Condo,1,1086,,7,39-53-401,102,Residential Condominium,,,42.396912,-71.156792,"https://maps.google.com/?q=42.396912,-71.156792",F_748522_2969609,CY24_FY24
4,,absentee - owner elsewhere in Belmont,53 HILL RD UNIT 402,402,Condominium,OAK REALTY & SERVICE COMPANY LLC,LLC / corporate,4 HILL RD,BELMONT,MA,02478,,,,,YES,,,,,2015-10-23,1,nominal / non-arms-length transfer,11,66271,339,261000,0,261000,,Condo,1,1086,,7,39-53-402,102,Residential Condominium,,,42.396912,-71.156792,"https://maps.google.com/?q=42.396912,-71.156792",F_748522_2969609,CY24_FY24
4,,absentee - owner elsewhere in Belmont,53 HILL RD UNIT 403,403,Condominium,OAK REALTY & SERVICE COMPANY LLC,LLC / corporate,4 HILL RD,BELMONT,MA,02478,,,,,YES,,,,,2015-10-23,1,nominal / non-arms-length transfer,11,66271,339,261000,0,261000,,Condo,1,1086,,7,39-53-403,102,Residential Condominium,,,42.396912,-71.156792,"https://maps.google.com/?q=42.396912,-71.156792",F_748522_2969609,CY24_FY24
4,,absentee - owner elsewhere in Belmont,53 HILL RD UNIT 404,404,Condominium,OAK REALTY & SERVICE COMPANY LLC,LLC / corporate,4 HILL RD,BELMONT,MA,02478,,,,,YES,,,,,2015-10-23,1,nominal / non-arms-length transfer,11,66271,339,261000,0,261000,,Condo,1,1086,,7,39-53-404,102,Residential Condominium,,,42.396912,-71.156792,"https://maps.google.com/?q=42.396912,-71.156792",F_748522_2969609,CY24_FY24
4,,absentee - owner elsewhere in Belmont,53 HILL RD UNIT 405,405,Condominium,OAK REALTY & SERVICE COMPANY LLC,LLC / corporate,4 HILL RD,BELMONT,MA,02478,,,,,YES,,,,,2015-10-23,1,nominal / non-arms-length transfer,11,66271,339,253000,0,253000,,Condo,1,1010,,7,39-53-405,102,Residential Condominium,,,42.396912,-71.156792,"https://maps.google.com/?q=42.396912,-71.156792",F_748522_2969609,CY24_FY24
4,,absentee - owner elsewhere in Belmont,53 HILL RD UNIT 406,406,Condominium,OAK REALTY & SERVICE COMPANY LLC,LLC / corporate,4 HILL RD,BELMONT,MA,02478,,,,,YES,,,,,2015-10-23,1,nominal / non-arms-length transfer,11,66271,339,256000,0,256000,,Condo,1,1040,,7,39-53-406,102,Residential Condominium,,,42.396912,-71.156792,"https://maps.google.com/?q=42.396912,-71.156792",F_748522_2969609,CY24_FY24
4,,absentee - owner elsewhere in Belmont,53 HILL RD UNIT 407,407,Condominium,OAK REALTY & SERVICE COMPANY LLC,LLC / corporate,4 HILL RD,BELMONT,MA,02478,,,,,YES,,,,,2015-10-23,1,nominal / non-arms-length transfer,11,66271,339,208000,0,208000,,Condo,1,726,,7,39-53-407,102,Residential Condominium,,,42.396912,-71.156792,"https://maps.google.com/?q=42.396912,-71.156792",F_748522_2969609,CY24_FY24
4,,absentee - owner elsewhere in Belmont,53 HILL RD UNIT 408,408,Condominium,OAK REALTY & SERVICE COMPANY LLC,LLC / corporate,4 HILL RD,BELMONT,MA,02478,,,,,YES,,,,,2015-10-23,1,nominal / non-arms-length transfer,11,66271,339,201000,0,201000,,Condo,1,685,,7,39-53-408,102,Residential Condominium,,,42.396912,-71.156792,"https://maps.google.com/?q=42.396912,-71.156792",F_748522_2969609,CY24_FY24
4,,absentee - owner elsewhere in Belmont,53 HILL RD UNIT 409,409,Condominium,OAK REALTY & SERVICE COMPANY LLC,LLC / corporate,4 HILL RD,BELMONT,MA,02478,,,,,YES,,,,,2015-10-23,1,nominal / non-arms-length transfer,11,66271,339,261000,0,261000,,Condo,1,1086,,7,39-53-409,102,Residential Condominium,,,42.396912,-71.156792,"https://maps.google.com/?q=42.396912,-71.156792",F_748522_2969609,CY24_FY24
4,,absentee - owner elsewhere in Belmont,53 HILL RD UNIT 410,410,Condominium,OAK REALTY & SERVICE COMPANY LLC,LLC / corporate,4 HILL RD,BELMONT,MA,02478,,,,,YES,,,,,2015-10-23,1,nominal / non-arms-length transfer,11,66271,339,261000,0,261000,,Condo,1,1086,,7,39-53-410,102,Residential Condominium,,,42.396912,-71.156792,"https://maps.google.com/?q=42.396912,-71.156792",F_748522_2969609,CY24_FY24
4,,absentee - owner elsewhere in Belmont,53 HILL RD UNIT 411,411,Condominium,OAK REALTY & SERVICE COMPANY LLC,LLC / corporate,4 HILL RD,BELMONT,MA,02478,,,,,YES,,,,,2015-10-23,1,nominal / non-arms-length transfer,11,66271,339,261000,0,261000,,Condo,1,1086,,7,39-53-411,102,Residential Condominium,,,42.396912,-71.156792,"https://maps.google.com/?q=42.396912,-71.156792",F_748522_2969609,CY24_FY24
4,,absentee - owner elsewhere in Belmont,53 HILL RD UNIT 412,412,Condominium,OAK REALTY & SERVICE COMPANY LLC,LLC / corporate,4 HILL RD,BELMONT,MA,02478,,,,,YES,,,,,2015-10-23,1,nominal / non-arms-length transfer,11,66271,339,261000,0,261000,,Condo,1,1086,,7,39-53-412,102,Residential Condominium,,,42.396912,-71.156792,"https://maps.google.com/?q=42.396912,-71.156792",F_748522_2969609,CY24_FY24
4,,absentee - owner elsewhere in Belmont,53 HILL RD UNIT 501,501,Condominium,OAK REALTY & SERVICE COMPANY LLC,LLC / corporate,4 HILL RD,BELMONT,MA,02478,,,,,YES,,,,,2015-10-23,1,nominal / non-arms-length transfer,11,66271,339,261000,0,261000,,Condo,1,1086,,7,39-53-501,102,Residential Condominium,,,42.396912,-71.156792,"https://maps.google.com/?q=42.396912,-71.156792",F_748522_2969609,CY24_FY24
4,,absentee - owner elsewhere in Belmont,53 HILL RD UNIT 502,502,Condominium,OAK REALTY & SERVICE COMPANY LLC,LLC / corporate,4 HILL RD,BELMONT,MA,02478,,,,,YES,,,,,2015-10-23,1,nominal / non-arms-length transfer,11,66271,339,261000,0,261000,,Condo,1,1086,,7,39-53-502,102,Residential Condominium,,,42.396912,-71.156792,"https://maps.google.com/?q=42.396912,-71.156792",F_748522_2969609,CY24_FY24
4,,absentee - owner elsewhere in Belmont,53 HILL RD UNIT 503,503,Condominium,OAK REALTY & SERVICE COMPANY LLC,LLC / corporate,4 HILL RD,BELMONT,MA,02478,,,,,YES,,,,,2015-10-23,1,nominal / non-arms-length transfer,11,66271,339,261000,0,261000,,Condo,1,1086,,7,39-53-503,102,Residential Condominium,,,42.396912,-71.156792,"https://maps.google.com/?q=42.396912,-71.156792",F_748522_2969609,CY24_FY24
4,,absentee - owner elsewhere in Belmont,53 HILL RD UNIT 504,504,Condominium,OAK REALTY & SERVICE COMPANY LLC,LLC / corporate,4 HILL RD,BELMONT,MA,02478,,,,,YES,,,,,2015-10-23,1,nominal / non-arms-length transfer,11,66271,339,261000,0,261000,,Condo,1,1086,,7,39-53-504,102,Residential Condominium,,,42.396912,-71.156792,"https://maps.google.com/?q=42.396912,-71.156792",F_748522_2969609,CY24_FY24
4,,absentee - owner elsewhere in Belmont,53 HILL RD UNIT 505,505,Condominium,OAK REALTY & SERVICE COMPANY LLC,LLC / corporate,4 HILL RD,BELMONT,MA,02478,,,,,YES,,,,,2015-10-23,1,nominal / non-arms-length transfer,11,66271,339,253000,0,253000,,Condo,1,1010,,7,39-53-505,102,Residential Condominium,,,42.396912,-71.156792,"https://maps.google.com/?q=42.396912,-71.156792",F_748522_2969609,CY24_FY24
4,,absentee - owner elsewhere in Belmont,53 HILL RD UNIT 506,506,Condominium,OAK REALTY & SERVICE COMPANY LLC,LLC / corporate,4 HILL RD,BELMONT,MA,02478,,,,,YES,,,,,2015-10-23,1,nominal / non-arms-length transfer,11,66271,339,256000,0,256000,,Condo,1,1040,,7,39-53-506,102,Residential Condominium,,,42.396912,-71.156792,"https://maps.google.com/?q=42.396912,-71.156792",F_748522_2969609,CY24_FY24
4,,absentee - owner elsewhere in Belmont,53 HILL RD UNIT 507,507,Condominium,OAK REALTY & SERVICE COMPANY LLC,LLC / corporate,4 HILL RD,BELMONT,MA,02478,,,,,YES,,,,,2015-10-23,1,nominal / non-arms-length transfer,11,66271,339,208000,0,208000,,Condo,1,726,,7,39-53-507,102,Residential Condominium,,,42.396912,-71.156792,"https://maps.google.com/?q=42.396912,-71.156792",F_748522_2969609,CY24_FY24
4,,absentee - owner elsewhere in Belmont,53 HILL RD UNIT 508,508,Condominium,OAK REALTY & SERVICE COMPANY LLC,LLC / corporate,4 HILL RD,BELMONT,MA,02478,,,,,YES,,,,,2015-10-23,1,nominal / non-arms-length transfer,11,66271,339,201000,0,201000,,Condo,1,685,,7,39-53-508,102,Residential Condominium,,,42.396912,-71.156792,"https://maps.google.com/?q=42.396912,-71.156792",F_748522_2969609,CY24_FY24
4,,absentee - owner elsewhere in Belmont,53 HILL RD UNIT 509,509,Condominium,OAK REALTY & SERVICE COMPANY LLC,LLC / corporate,4 HILL RD,BELMONT,MA,02478,,,,,YES,,,,,2015-10-23,1,nominal / non-arms-length transfer,11,66271,339,261000,0,261000,,Condo,1,1086,,7,39-53-509,102,Residential Condominium,,,42.396912,-71.156792,"https://maps.google.com/?q=42.396912,-71.156792",F_748522_2969609,CY24_FY24
4,,absentee - owner elsewhere in Belmont,53 HILL RD UNIT 510,510,Condominium,OAK REALTY & SERVICE COMPANY LLC,LLC / corporate,4 HILL RD,BELMONT,MA,02478,,,,,YES,,,,,2015-10-23,1,nominal / non-arms-length transfer,11,66271,339,261000,0,261000,,Condo,1,1086,,7,39-53-510,102,Residential Condominium,,,42.396912,-71.156792,"https://maps.google.com/?q=42.396912,-71.156792",F_748522_2969609,CY24_FY24
4,,absentee - owner elsewhere in Belmont,53 HILL RD UNIT 511,511,Condominium,OAK REALTY & SERVICE COMPANY LLC,LLC / corporate,4 HILL RD,BELMONT,MA,02478,,,,,YES,,,,,2015-10-23,1,nominal / non-arms-length transfer,11,66271,339,261000,0,261000,,Condo,1,1086,,7,39-53-511,102,Residential Condominium,,,42.396912,-71.156792,"https://maps.google.com/?q=42.396912,-71.156792",F_748522_2969609,CY24_FY24
4,,absentee - owner elsewhere in Belmont,53 HILL RD UNIT 512,512,Condominium,OAK REALTY & SERVICE COMPANY LLC,LLC / corporate,4 HILL RD,BELMONT,MA,02478,,,,,YES,,,,,2015-10-23,1,nominal / non-arms-length transfer,11,66271,339,261000,0,261000,,Condo,1,1086,,7,39-53-512,102,Residential Condominium,,,42.396912,-71.156792,"https://maps.google.com/?q=42.396912,-71.156792",F_748522_2969609,CY24_FY24
4,,absentee - owner elsewhere in Belmont,53 HILL RD UNIT 601,601,Condominium,OAK REALTY & SERVICE COMPANY LLC,LLC / corporate,4 HILL RD,BELMONT,MA,02478,,,,,YES,,,,,2015-10-23,1,nominal / non-arms-length transfer,11,66271,339,261000,0,261000,,Condo,1,1086,,7,39-53-601,102,Residential Condominium,,,42.396912,-71.156792,"https://maps.google.com/?q=42.396912,-71.156792",F_748522_2969609,CY24_FY24
4,,absentee - owner elsewhere in Belmont,53 HILL RD UNIT 602,602,Condominium,OAK REALTY & SERVICE COMPANY LLC,LLC / corporate,4 HILL RD,BELMONT,MA,02478,,,,,YES,,,,,2015-10-23,1,nominal / non-arms-length transfer,11,66271,339,261000,0,261000,,Condo,1,1086,,7,39-53-602,102,Residential Condominium,,,42.396912,-71.156792,"https://maps.google.com/?q=42.396912,-71.156792",F_748522_2969609,CY24_FY24
4,,absentee - owner elsewhere in Belmont,53 HILL RD UNIT 603,603,Condominium,OAK REALTY & SERVICE COMPANY LLC,LLC / corporate,4 HILL RD,BELMONT,MA,02478,,,,,YES,,,,,2015-10-23,1,nominal / non-arms-length transfer,11,66271,339,261000,0,261000,,Condo,1,1086,,7,39-53-603,102,Residential Condominium,,,42.396912,-71.156792,"https://maps.google.com/?q=42.396912,-71.156792",F_748522_2969609,CY24_FY24
4,,absentee - owner elsewhere in Belmont,53 HILL RD UNIT 604,604,Condominium,OAK REALTY & SERVICE COMPANY LLC,LLC / corporate,4 HILL RD,BELMONT,MA,02478,,,,,YES,,,,,2015-10-23,1,nominal / non-arms-length transfer,11,66271,339,261000,0,261000,,Condo,1,1086,,7,39-53-604,102,Residential Condominium,,,42.396912,-71.156792,"https://maps.google.com/?q=42.396912,-71.156792",F_748522_2969609,CY24_FY24
4,,absentee - owner elsewhere in Belmont,53 HILL RD UNIT 605,605,Condominium,OAK REALTY & SERVICE COMPANY LLC,LLC / corporate,4 HILL RD,BELMONT,MA,02478,,,,,YES,,,,,2015-10-23,1,nominal / non-arms-length transfer,11,66271,339,253000,0,253000,,Condo,1,1010,,7,39-53-605,102,Residential Condominium,,,42.396912,-71.156792,"https://maps.google.com/?q=42.396912,-71.156792",F_748522_2969609,CY24_FY24
4,,absentee - owner elsewhere in Belmont,53 HILL RD UNIT 606,606,Condominium,OAK REALTY & SERVICE COMPANY LLC,LLC / corporate,4 HILL RD,BELMONT,MA,02478,,,,,YES,,,,,2015-10-23,1,nominal / non-arms-length transfer,11,66271,339,256000,0,256000,,Condo,1,1040,,7,39-53-606,102,Residential Condominium,,,42.396912,-71.156792,"https://maps.google.com/?q=42.396912,-71.156792",F_748522_2969609,CY24_FY24
4,,absentee - owner elsewhere in Belmont,53 HILL RD UNIT 607,607,Condominium,OAK REALTY & SERVICE COMPANY LLC,LLC / corporate,4 HILL RD,BELMONT,MA,02478,,,,,YES,,,,,2015-10-23,1,nominal / non-arms-length transfer,11,66271,339,208000,0,208000,,Condo,1,726,,7,39-53-607,102,Residential Condominium,,,42.396912,-71.156792,"https://maps.google.com/?q=42.396912,-71.156792",F_748522_2969609,CY24_FY24
4,,absentee - owner elsewhere in Belmont,53 HILL RD UNIT 608,608,Condominium,OAK REALTY & SERVICE COMPANY LLC,LLC / corporate,4 HILL RD,BELMONT,MA,02478,,,,,YES,,,,,2015-10-23,1,nominal / non-arms-length transfer,11,66271,339,201000,0,201000,,Condo,1,685,,7,39-53-608,102,Residential Condominium,,,42.396912,-71.156792,"https://maps.google.com/?q=42.396912,-71.156792",F_748522_2969609,CY24_FY24
4,,absentee - owner elsewhere in Belmont,53 HILL RD UNIT 609,609,Condominium,OAK REALTY & SERVICE COMPANY LLC,LLC / corporate,4 HILL RD,BELMONT,MA,02478,,,,,YES,,,,,2015-10-23,1,nominal / non-arms-length transfer,11,66271,339,261000,0,261000,,Condo,1,1086,,7,39-53-609,102,Residential Condominium,,,42.396912,-71.156792,"https://maps.google.com/?q=42.396912,-71.156792",F_748522_2969609,CY24_FY24
4,,absentee - owner elsewhere in Belmont,53 HILL RD UNIT 610,610,Condominium,OAK REALTY & SERVICE COMPANY LLC,LLC / corporate,4 HILL RD,BELMONT,MA,02478,,,,,YES,,,,,2015-10-23,1,nominal / non-arms-length transfer,11,66271,339,261000,0,261000,,Condo,1,1086,,7,39-53-610,102,Residential Condominium,,,42.396912,-71.156792,"https://maps.google.com/?q=42.396912,-71.156792",F_748522_2969609,CY24_FY24
4,,absentee - owner elsewhere in Belmont,53 HILL RD UNIT 611,611,Condominium,OAK REALTY & SERVICE COMPANY LLC,LLC / corporate,4 HILL RD,BELMONT,MA,02478,,,,,YES,,,,,2015-10-23,1,nominal / non-arms-length transfer,11,66271,339,261000,0,261000,,Condo,1,1086,,7,39-53-611,102,Residential Condominium,,,42.396912,-71.156792,"https://maps.google.com/?q=42.396912,-71.156792",F_748522_2969609,CY24_FY24
4,,absentee - owner elsewhere in Belmont,53 HILL RD UNIT 612,612,Condominium,OAK REALTY & SERVICE COMPANY LLC,LLC / corporate,4 HILL RD,BELMONT,MA,02478,,,,,YES,,,,,2015-10-23,1,nominal / non-arms-length transfer,11,66271,339,261000,0,261000,,Condo,1,1086,,7,39-53-612,102,Residential Condominium,,,42.396912,-71.156792,"https://maps.google.com/?q=42.396912,-71.156792",F_748522_2969609,CY24_FY24
4,,absentee - owner elsewhere in Belmont,53 HILL RD UNIT 701,701,Condominium,OAK REALTY & SERVICE COMPANY LLC,LLC / corporate,4 HILL RD,BELMONT,MA,02478,,,,,YES,,,,,2015-10-23,1,nominal / non-arms-length transfer,11,66271,339,261000,0,261000,,Condo,1,1086,,7,39-53-701,102,Residential Condominium,,,42.396912,-71.156792,"https://maps.google.com/?q=42.396912,-71.156792",F_748522_2969609,CY24_FY24
4,,absentee - owner elsewhere in Belmont,53 HILL RD UNIT 702,702,Condominium,OAK REALTY & SERVICE COMPANY LLC,LLC / corporate,4 HILL RD,BELMONT,MA,02478,,,,,YES,,,,,2015-10-23,1,nominal / non-arms-length transfer,11,66271,339,261000,0,261000,,Condo,1,1086,,7,39-53-702,102,Residential Condominium,,,42.396912,-71.156792,"https://maps.google.com/?q=42.396912,-71.156792",F_748522_2969609,CY24_FY24
4,,absentee - owner elsewhere in Belmont,53 HILL RD UNIT 703,703,Condominium,OAK REALTY & SERVICE COMPANY LLC,LLC / corporate,4 HILL RD,BELMONT,MA,02478,,,,,YES,,,,,2015-10-23,1,nominal / non-arms-length transfer,11,66271,339,261000,0,261000,,Condo,1,1086,,7,39-53-703,102,Residential Condominium,,,42.396912,-71.156792,"https://maps.google.com/?q=42.396912,-71.156792",F_748522_2969609,CY24_FY24
4,,absentee - owner elsewhere in Belmont,53 HILL RD UNIT 704,704,Condominium,OAK REALTY & SERVICE COMPANY LLC,LLC / corporate,4 HILL RD,BELMONT,MA,02478,,,,,YES,,,,,2015-10-23,1,nominal / non-arms-length transfer,11,66271,339,261000,0,261000,,Condo,1,1086,,7,39-53-704,102,Residential Condominium,,,42.396912,-71.156792,"https://maps.google.com/?q=42.396912,-71.156792",F_748522_2969609,CY24_FY24
4,,absentee - owner elsewhere in Belmont,53 HILL RD UNIT 705,705,Condominium,OAK REALTY & SERVICE COMPANY LLC,LLC / corporate,4 HILL RD,BELMONT,MA,02478,,,,,YES,,,,,2015-10-23,1,nominal / non-arms-length transfer,11,66271,339,253000,0,253000,,Condo,1,1010,,7,39-53-705,102,Residential Condominium,,,42.396912,-71.156792,"https://maps.google.com/?q=42.396912,-71.156792",F_748522_2969609,CY24_FY24
4,,absentee - owner elsewhere in Belmont,53 HILL RD UNIT 706,706,Condominium,OAK REALTY & SERVICE COMPANY LLC,LLC / corporate,4 HILL RD,BELMONT,MA,02478,,,,,YES,,,,,2015-10-23,1,nominal / non-arms-length transfer,11,66271,339,256000,0,256000,,Condo,1,1040,,7,39-53-706,102,Residential Condominium,,,42.396912,-71.156792,"https://maps.google.com/?q=42.396912,-71.156792",F_748522_2969609,CY24_FY24
4,,absentee - owner elsewhere in Belmont,53 HILL RD UNIT 707,707,Condominium,OAK REALTY & SERVICE COMPANY LLC,LLC / corporate,4 HILL RD,BELMONT,MA,02478,,,,,YES,,,,,2015-10-23,1,nominal / non-arms-length transfer,11,66271,339,208000,0,208000,,Condo,1,726,,7,39-53-707,102,Residential Condominium,,,42.396912,-71.156792,"https://maps.google.com/?q=42.396912,-71.156792",F_748522_2969609,CY24_FY24
4,,absentee - owner elsewhere in Belmont,53 HILL RD UNIT 708,708,Condominium,OAK REALTY & SERVICE COMPANY LLC,LLC / corporate,4 HILL RD,BELMONT,MA,02478,,,,,YES,,,,,2015-10-23,1,nominal / non-arms-length transfer,11,66271,339,201000,0,201000,,Condo,1,685,,7,39-53-708,102,Residential Condominium,,,42.396912,-71.156792,"https://maps.google.com/?q=42.396912,-71.156792",F_748522_2969609,CY24_FY24
4,,absentee - owner elsewhere in Belmont,53 HILL RD UNIT 709,709,Condominium,OAK REALTY & SERVICE COMPANY LLC,LLC / corporate,4 HILL RD,BELMONT,MA,02478,,,,,YES,,,,,2015-10-23,1,nominal / non-arms-length transfer,11,66271,339,261000,0,261000,,Condo,1,1086,,7,39-53-709,102,Residential Condominium,,,42.396912,-71.156792,"https://maps.google.com/?q=42.396912,-71.156792",F_748522_2969609,CY24_FY24
4,,absentee - owner elsewhere in Belmont,53 HILL RD UNIT 710,710,Condominium,OAK REALTY & SERVICE COMPANY LLC,LLC / corporate,4 HILL RD,BELMONT,MA,02478,,,,,YES,,,,,2015-10-23,1,nominal / non-arms-length transfer,11,66271,339,261000,0,261000,,Condo,1,1086,,7,39-53-710,102,Residential Condominium,,,42.396912,-71.156792,"https://maps.google.com/?q=42.396912,-71.156792",F_748522_2969609,CY24_FY24
4,,absentee - owner elsewhere in Belmont,53 HILL RD UNIT 711,711,Condominium,OAK REALTY & SERVICE COMPANY LLC,LLC / corporate,4 HILL RD,BELMONT,MA,02478,,,,,YES,,,,,2015-10-23,1,nominal / non-arms-length transfer,11,66271,339,261000,0,261000,,Condo,1,1086,,7,39-53-711,102,Residential Condominium,,,42.396912,-71.156792,"https://maps.google.com/?q=42.396912,-71.156792",F_748522_2969609,CY24_FY24
4,,absentee - owner elsewhere in Belmont,53 HILL RD UNIT 712,712,Condominium,OAK REALTY & SERVICE COMPANY LLC,LLC / corporate,4 HILL RD,BELMONT,MA,02478,,,,,YES,,,,,2015-10-23,1,nominal / non-arms-length transfer,11,66271,339,261000,0,261000,,Condo,1,1086,,7,39-53-712,102,Residential Condominium,,,42.396912,-71.156792,"https://maps.google.com/?q=42.396912,-71.156792",F_748522_2969609,CY24_FY24
4,,absentee - owner elsewhere in Belmont,53-55 MARLBORO ST,,Two-family,53-55 MARLBORO STREET BELMONT LLC,LLC / corporate,70 HOITT RD,BELMONT,MA,02478,,,,,YES,,,,,2014-11-21,1,nominal / non-arms-length transfer,12,64546,122,1162000,1011000,141000,1917,Old Style,2,2409,5000,7,1-177,104,Two-Family Residential,,,42.377835,-71.156222,"https://maps.google.com/?q=42.377835,-71.156222",F_749055_2962899,CY24_FY24
4,,absentee - owner elsewhere in Belmont,53-59 POND ST UNIT 53,53,Condominium,OAK REALTY & SERVICE COMPANY LLC,LLC / corporate,4 HILL RD,BELMONT,MA,02478,,,,,YES,,,,,2015-10-23,1,nominal / non-arms-length transfer,11,66271,339,300000,0,300000,1963,Condo,1,928,,7,39-11-53,102,Residential Condominium,,,42.398175,-71.157248,"https://maps.google.com/?q=42.398175,-71.157248",F_748730_2970313,CY24_FY24
4,,absentee - owner elsewhere in Belmont,53-59 POND ST UNIT 55,55,Condominium,OAK REALTY & SERVICE COMPANY LLC,LLC / corporate,4 HILL RD,BELMONT,MA,02478,,,,,YES,,,,,2015-10-23,1,nominal / non-arms-length transfer,11,66271,339,300000,0,300000,1963,Condo,1,928,,7,39-11-55,102,Residential Condominium,,,42.398175,-71.157248,"https://maps.google.com/?q=42.398175,-71.157248",F_748730_2970313,CY24_FY24
4,,absentee - owner elsewhere in Belmont,53-59 POND ST UNIT 57,57,Condominium,OAK REALTY & SERVICE COMPANY LLC,LLC / corporate,4 HILL RD,BELMONT,MA,02478,,,,,YES,,,,,2015-10-23,1,nominal / non-arms-length transfer,11,66271,339,300000,0,300000,1963,Condo,1,928,,7,39-11-57,102,Residential Condominium,,,42.398175,-71.157248,"https://maps.google.com/?q=42.398175,-71.157248",F_748730_2970313,CY24_FY24
4,,absentee - owner elsewhere in Belmont,53-59 POND ST UNIT 59,59,Condominium,OAK REALTY & SERVICE COMPANY LLC,LLC / corporate,4 HILL RD,BELMONT,MA,02478,,,,,YES,,,,,2015-10-23,1,nominal / non-arms-length transfer,11,66271,339,300000,0,300000,1963,Condo,1,928,,7,39-11-59,102,Residential Condominium,,,42.398175,-71.157248,"https://maps.google.com/?q=42.398175,-71.157248",F_748730_2970313,CY24_FY24
4,,absentee - elsewhere in MA,539-541 SCHOOL ST,,Two-family,MURPHY FAMILY REAL ESTATE LEGACY LLC,LLC / corporate,25 PIERREPONT RD,WINCHESTER,MA,01890,,,,,YES,,,,,1986-09-12,210000,market sale,40,17390,14,1187000,927000,251000,1923,Old Style,2,2244,6770,7,3-12,104,Two-Family Residential,,,42.37889,-71.163726,"https://maps.google.com/?q=42.37889,-71.163726",F_747025_2963274,CY24_FY24
4,,absentee - elsewhere in MA,54 WORCESTER ST,,Two-family,HEARTFELT HOMES LLC,LLC / corporate,681 MAIN ST SUITE 2-3,WALTHAM,MA,02451,,,,,YES,,,,,1942-10-20,0,nominal / non-arms-length transfer,84,346,521,1373000,986000,386000,1921,Old Style,2,2726,4530,7,2-124,104,Two-Family Residential,,,42.378668,-71.162213,"https://maps.google.com/?q=42.378668,-71.162213",F_747434_2963195,CY24_FY24
4,,absentee - elsewhere in MA,54-56 SLADE ST,,Two-family,54-56 SLADE STREET LLC,LLC / corporate,26 AGRILLO CIR,WALTHAM,MA,02451,,,,,YES,,,,,1970-06-11,18500,market sale,56,11844,340,1204000,857000,338000,1925,Old Style,2,2346,7231,7,14-12,104,Two-Family Residential,,,42.384745,-71.180317,"https://maps.google.com/?q=42.384745,-71.180317",F_742531_2965393,CY24_FY24
4,,absentee - owner elsewhere in Belmont,55 HILL RD UNIT 101,101,Condominium,OAK REALTY & SERVICE COMPANY LLC,LLC / corporate,4 HILL RD,BELMONT,MA,02478,,,,,YES,,,,,2015-10-23,1,nominal / non-arms-length transfer,11,66271,339,261000,0,261000,,Condo,1,1086,,7,39-55-101,102,Residential Condominium,,,42.396912,-71.156792,"https://maps.google.com/?q=42.396912,-71.156792",F_748522_2969609,CY24_FY24
4,,absentee - owner elsewhere in Belmont,55 HILL RD UNIT 102,102,Condominium,OAK REALTY & SERVICE COMPANY LLC,LLC / corporate,4 HILL RD,BELMONT,MA,02478,,,,,YES,,,,,2015-10-23,1,nominal / non-arms-length transfer,11,66271,339,261000,0,261000,,Condo,1,1086,,7,39-55-102,102,Residential Condominium,,,42.396912,-71.156792,"https://maps.google.com/?q=42.396912,-71.156792",F_748522_2969609,CY24_FY24
4,,absentee - owner elsewhere in Belmont,55 HILL RD UNIT 103,103,Condominium,OAK REALTY & SERVICE COMPANY LLC,LLC / corporate,4 HILL RD,BELMONT,MA,02478,,,,,YES,,,,,2015-10-23,1,nominal / non-arms-length transfer,11,66271,339,261000,0,261000,,Condo,1,1086,,7,39-55-103,102,Residential Condominium,,,42.396912,-71.156792,"https://maps.google.com/?q=42.396912,-71.156792",F_748522_2969609,CY24_FY24
4,,absentee - owner elsewhere in Belmont,55 HILL RD UNIT 104,104,Condominium,OAK REALTY & SERVICE COMPANY LLC,LLC / corporate,4 HILL RD,BELMONT,MA,02478,,,,,YES,,,,,2015-10-23,1,nominal / non-arms-length transfer,11,66271,339,261000,0,261000,,Condo,1,1086,,7,39-55-104,102,Residential Condominium,,,42.396912,-71.156792,"https://maps.google.com/?q=42.396912,-71.156792",F_748522_2969609,CY24_FY24
4,,absentee - owner elsewhere in Belmont,55 HILL RD UNIT 105,105,Condominium,OAK REALTY & SERVICE COMPANY LLC,LLC / corporate,4 HILL RD,BELMONT,MA,02478,,,,,YES,,,,,2015-10-23,1,nominal / non-arms-length transfer,11,66271,339,158000,0,158000,,Condo,1,461,,7,39-55-105,102,Residential Condominium,,,42.396912,-71.156792,"https://maps.google.com/?q=42.396912,-71.156792",F_748522_2969609,CY24_FY24
4,,absentee - owner elsewhere in Belmont,55 HILL RD UNIT 106,106,Condominium,OAK REALTY & SERVICE COMPANY LLC,LLC / corporate,4 HILL RD,BELMONT,MA,02478,,,,,YES,,,,,2015-10-23,1,nominal / non-arms-length transfer,11,66271,339,256000,0,256000,,Condo,1,1040,,7,39-55-106,102,Residential Condominium,,,42.396912,-71.156792,"https://maps.google.com/?q=42.396912,-71.156792",F_748522_2969609,CY24_FY24
4,,absentee - owner elsewhere in Belmont,55 HILL RD UNIT 107,107,Condominium,OAK REALTY & SERVICE COMPANY LLC,LLC / corporate,4 HILL RD,BELMONT,MA,02478,,,,,YES,,,,,2015-10-23,1,nominal / non-arms-length transfer,11,66271,339,208000,0,208000,,Condo,1,726,,7,39-55-107,102,Residential Condominium,,,42.396912,-71.156792,"https://maps.google.com/?q=42.396912,-71.156792",F_748522_2969609,CY24_FY24
4,,absentee - owner elsewhere in Belmont,55 HILL RD UNIT 108,108,Condominium,OAK REALTY & SERVICE COMPANY LLC,LLC / corporate,4 HILL RD,BELMONT,MA,02478,,,,,YES,,,,,2015-10-23,1,nominal / non-arms-length transfer,11,66271,339,201000,0,201000,,Condo,1,685,,7,39-55-108,102,Residential Condominium,,,42.396912,-71.156792,"https://maps.google.com/?q=42.396912,-71.156792",F_748522_2969609,CY24_FY24
4,,absentee - owner elsewhere in Belmont,55 HILL RD UNIT 109,109,Condominium,OAK REALTY & SERVICE COMPANY LLC,LLC / corporate,4 HILL RD,BELMONT,MA,02478,,,,,YES,,,,,2015-10-23,1,nominal / non-arms-length transfer,11,66271,339,261000,0,261000,,Condo,1,1086,,7,39-55-109,102,Residential Condominium,,,42.396912,-71.156792,"https://maps.google.com/?q=42.396912,-71.156792",F_748522_2969609,CY24_FY24
4,,absentee - owner elsewhere in Belmont,55 HILL RD UNIT 110,110,Condominium,OAK REALTY & SERVICE COMPANY LLC,LLC / corporate,4 HILL RD,BELMONT,MA,02478,,,,,YES,,,,,2015-10-23,1,nominal / non-arms-length transfer,11,66271,339,261000,0,261000,,Condo,1,1086,,7,39-55-110,102,Residential Condominium,,,42.396912,-71.156792,"https://maps.google.com/?q=42.396912,-71.156792",F_748522_2969609,CY24_FY24
4,,absentee - owner elsewhere in Belmont,55 HILL RD UNIT 111,111,Condominium,OAK REALTY & SERVICE COMPANY LLC,LLC / corporate,4 HILL RD,BELMONT,MA,02478,,,,,YES,,,,,2015-10-23,1,nominal / non-arms-length transfer,11,66271,339,261000,0,261000,,Condo,1,1086,,7,39-55-111,102,Residential Condominium,,,42.396912,-71.156792,"https://maps.google.com/?q=42.396912,-71.156792",F_748522_2969609,CY24_FY24
4,,absentee - owner elsewhere in Belmont,55 HILL RD UNIT 112,112,Condominium,OAK REALTY & SERVICE COMPANY LLC,LLC / corporate,4 HILL RD,BELMONT,MA,02478,,,,,YES,,,,,2015-10-23,1,nominal / non-arms-length transfer,11,66271,339,261000,0,261000,,Condo,1,1086,,7,39-55-112,102,Residential Condominium,,,42.396912,-71.156792,"https://maps.google.com/?q=42.396912,-71.156792",F_748522_2969609,CY24_FY24
4,,absentee - owner elsewhere in Belmont,55 HILL RD UNIT 201,201,Condominium,OAK REALTY & SERVICE COMPANY LLC,LLC / corporate,4 HILL RD,BELMONT,MA,02478,,,,,YES,,,,,2015-10-23,1,nominal / non-arms-length transfer,11,66271,339,261000,0,261000,,Condo,1,1086,,7,39-55-201,102,Residential Condominium,,,42.396912,-71.156792,"https://maps.google.com/?q=42.396912,-71.156792",F_748522_2969609,CY24_FY24
4,,absentee - owner elsewhere in Belmont,55 HILL RD UNIT 202,202,Condominium,OAK REALTY & SERVICE COMPANY LLC,LLC / corporate,4 HILL RD,BELMONT,MA,02478,,,,,YES,,,,,2015-10-23,1,nominal / non-arms-length transfer,11,66271,339,261000,0,261000,,Condo,1,1086,,7,39-55-202,102,Residential Condominium,,,42.396912,-71.156792,"https://maps.google.com/?q=42.396912,-71.156792",F_748522_2969609,CY24_FY24
4,,absentee - owner elsewhere in Belmont,55 HILL RD UNIT 203,203,Condominium,OAK REALTY & SERVICE COMPANY LLC,LLC / corporate,4 HILL RD,BELMONT,MA,02478,,,,,YES,,,,,2015-10-23,1,nominal / non-arms-length transfer,11,66271,339,261000,0,261000,,Condo,1,1086,,7,39-55-203,102,Residential Condominium,,,42.396912,-71.156792,"https://maps.google.com/?q=42.396912,-71.156792",F_748522_2969609,CY24_FY24
4,,absentee - owner elsewhere in Belmont,55 HILL RD UNIT 204,204,Condominium,OAK REALTY & SERVICE COMPANY LLC,LLC / corporate,4 HILL RD,BELMONT,MA,02478,,,,,YES,,,,,2015-10-23,1,nominal / non-arms-length transfer,11,66271,339,261000,0,261000,,Condo,1,1086,,7,39-55-204,102,Residential Condominium,,,42.396912,-71.156792,"https://maps.google.com/?q=42.396912,-71.156792",F_748522_2969609,CY24_FY24
4,,absentee - owner elsewhere in Belmont,55 HILL RD UNIT 205,205,Condominium,OAK REALTY & SERVICE COMPANY LLC,LLC / corporate,4 HILL RD,BELMONT,MA,02478,,,,,YES,,,,,2015-10-23,1,nominal / non-arms-length transfer,11,66271,339,253000,0,253000,,Condo,1,1010,,7,39-55-205,102,Residential Condominium,,,42.396912,-71.156792,"https://maps.google.com/?q=42.396912,-71.156792",F_748522_2969609,CY24_FY24
4,,absentee - owner elsewhere in Belmont,55 HILL RD UNIT 206,206,Condominium,OAK REALTY & SERVICE COMPANY LLC,LLC / corporate,4 HILL RD,BELMONT,MA,02478,,,,,YES,,,,,2015-10-23,1,nominal / non-arms-length transfer,11,66271,339,256000,0,256000,,Condo,1,1040,,7,39-55-206,102,Residential Condominium,,,42.396912,-71.156792,"https://maps.google.com/?q=42.396912,-71.156792",F_748522_2969609,CY24_FY24
4,,absentee - owner elsewhere in Belmont,55 HILL RD UNIT 207,207,Condominium,OAK REALTY & SERVICE COMPANY LLC,LLC / corporate,4 HILL RD,BELMONT,MA,02478,,,,,YES,,,,,2015-10-23,1,nominal / non-arms-length transfer,11,66271,339,208000,0,208000,,Condo,1,726,,7,39-55-207,102,Residential Condominium,,,42.396912,-71.156792,"https://maps.google.com/?q=42.396912,-71.156792",F_748522_2969609,CY24_FY24
4,,absentee - owner elsewhere in Belmont,55 HILL RD UNIT 208,208,Condominium,OAK REALTY & SERVICE COMPANY LLC,LLC / corporate,4 HILL RD,BELMONT,MA,02478,,,,,YES,,,,,2015-10-23,1,nominal / non-arms-length transfer,11,66271,339,201000,0,201000,,Condo,1,685,,7,39-55-208,102,Residential Condominium,,,42.396912,-71.156792,"https://maps.google.com/?q=42.396912,-71.156792",F_748522_2969609,CY24_FY24
4,,absentee - owner elsewhere in Belmont,55 HILL RD UNIT 209,209,Condominium,OAK REALTY & SERVICE COMPANY LLC,LLC / corporate,4 HILL RD,BELMONT,MA,02478,,,,,YES,,,,,2015-10-23,1,nominal / non-arms-length transfer,11,66271,339,261000,0,261000,,Condo,1,1086,,7,39-55-209,102,Residential Condominium,,,42.396912,-71.156792,"https://maps.google.com/?q=42.396912,-71.156792",F_748522_2969609,CY24_FY24
4,,absentee - owner elsewhere in Belmont,55 HILL RD UNIT 210,210,Condominium,OAK REALTY & SERVICE COMPANY LLC,LLC / corporate,4 HILL RD,BELMONT,MA,02478,,,,,YES,,,,,2015-10-23,1,nominal / non-arms-length transfer,11,66271,339,261000,0,261000,,Condo,1,1086,,7,39-55-210,102,Residential Condominium,,,42.396912,-71.156792,"https://maps.google.com/?q=42.396912,-71.156792",F_748522_2969609,CY24_FY24
4,,absentee - owner elsewhere in Belmont,55 HILL RD UNIT 211,211,Condominium,OAK REALTY & SERVICE COMPANY LLC,LLC / corporate,4 HILL RD,BELMONT,MA,02478,,,,,YES,,,,,2015-10-23,1,nominal / non-arms-length transfer,11,66271,339,261000,0,261000,,Condo,1,1086,,7,39-55-211,102,Residential Condominium,,,42.396912,-71.156792,"https://maps.google.com/?q=42.396912,-71.156792",F_748522_2969609,CY24_FY24
4,,absentee - owner elsewhere in Belmont,55 HILL RD UNIT 212,212,Condominium,OAK REALTY & SERVICE COMPANY LLC,LLC / corporate,4 HILL RD,BELMONT,MA,02478,,,,,YES,,,,,2015-10-23,1,nominal / non-arms-length transfer,11,66271,339,261000,0,261000,,Condo,1,1086,,7,39-55-212,102,Residential Condominium,,,42.396912,-71.156792,"https://maps.google.com/?q=42.396912,-71.156792",F_748522_2969609,CY24_FY24
4,,absentee - owner elsewhere in Belmont,55 HILL RD UNIT 301,301,Condominium,OAK REALTY & SERVICE COMPANY LLC,LLC / corporate,4 HILL RD,BELMONT,MA,02478,,,,,YES,,,,,2015-10-23,1,nominal / non-arms-length transfer,11,66271,339,261000,0,261000,,Condo,1,1086,,7,39-55-301,102,Residential Condominium,,,42.396912,-71.156792,"https://maps.google.com/?q=42.396912,-71.156792",F_748522_2969609,CY24_FY24
4,,absentee - owner elsewhere in Belmont,55 HILL RD UNIT 302,302,Condominium,OAK REALTY & SERVICE COMPANY LLC,LLC / corporate,4 HILL RD,BELMONT,MA,02478,,,,,YES,,,,,2015-10-23,1,nominal / non-arms-length transfer,11,66271,339,261000,0,261000,,Condo,1,1086,,7,39-55-302,102,Residential Condominium,,,42.396912,-71.156792,"https://maps.google.com/?q=42.396912,-71.156792",F_748522_2969609,CY24_FY24
4,,absentee - owner elsewhere in Belmont,55 HILL RD UNIT 303,303,Condominium,OAK REALTY & SERVICE COMPANY LLC,LLC / corporate,4 HILL RD,BELMONT,MA,02478,,,,,YES,,,,,2015-10-23,1,nominal / non-arms-length transfer,11,66271,339,261000,0,261000,,Condo,1,1086,,7,39-55-303,102,Residential Condominium,,,42.396912,-71.156792,"https://maps.google.com/?q=42.396912,-71.156792",F_748522_2969609,CY24_FY24
4,,absentee - owner elsewhere in Belmont,55 HILL RD UNIT 304,304,Condominium,OAK REALTY & SERVICE COMPANY LLC,LLC / corporate,4 HILL RD,BELMONT,MA,02478,,,,,YES,,,,,2015-10-23,1,nominal / non-arms-length transfer,11,66271,339,261000,0,261000,,Condo,1,1086,,7,39-55-304,102,Residential Condominium,,,42.396912,-71.156792,"https://maps.google.com/?q=42.396912,-71.156792",F_748522_2969609,CY24_FY24
4,,absentee - owner elsewhere in Belmont,55 HILL RD UNIT 305,305,Condominium,OAK REALTY & SERVICE COMPANY LLC,LLC / corporate,4 HILL RD,BELMONT,MA,02478,,,,,YES,,,,,2015-10-23,1,nominal / non-arms-length transfer,11,66271,339,253000,0,253000,,Condo,1,1010,,7,39-55-305,102,Residential Condominium,,,42.396912,-71.156792,"https://maps.google.com/?q=42.396912,-71.156792",F_748522_2969609,CY24_FY24
4,,absentee - owner elsewhere in Belmont,55 HILL RD UNIT 306,306,Condominium,OAK REALTY & SERVICE COMPANY LLC,LLC / corporate,4 HILL RD,BELMONT,MA,02478,,,,,YES,,,,,2015-10-23,1,nominal / non-arms-length transfer,11,66271,339,256000,0,256000,,Condo,1,1040,,7,39-55-306,102,Residential Condominium,,,42.396912,-71.156792,"https://maps.google.com/?q=42.396912,-71.156792",F_748522_2969609,CY24_FY24
4,,absentee - owner elsewhere in Belmont,55 HILL RD UNIT 307,307,Condominium,OAK REALTY & SERVICE COMPANY LLC,LLC / corporate,4 HILL RD,BELMONT,MA,02478,,,,,YES,,,,,2015-10-23,1,nominal / non-arms-length transfer,11,66271,339,208000,0,208000,,Condo,1,726,,7,39-55-307,102,Residential Condominium,,,42.396912,-71.156792,"https://maps.google.com/?q=42.396912,-71.156792",F_748522_2969609,CY24_FY24
4,,absentee - owner elsewhere in Belmont,55 HILL RD UNIT 308,308,Condominium,OAK REALTY & SERVICE COMPANY LLC,LLC / corporate,4 HILL RD,BELMONT,MA,02478,,,,,YES,,,,,2015-10-23,1,nominal / non-arms-length transfer,11,66271,339,201000,0,201000,,Condo,1,685,,7,39-55-308,102,Residential Condominium,,,42.396912,-71.156792,"https://maps.google.com/?q=42.396912,-71.156792",F_748522_2969609,CY24_FY24
4,,absentee - owner elsewhere in Belmont,55 HILL RD UNIT 309,309,Condominium,OAK REALTY & SERVICE COMPANY LLC,LLC / corporate,4 HILL RD,BELMONT,MA,02478,,,,,YES,,,,,2015-10-23,1,nominal / non-arms-length transfer,11,66271,339,261000,0,261000,,Condo,1,1086,,7,39-55-309,102,Residential Condominium,,,42.396912,-71.156792,"https://maps.google.com/?q=42.396912,-71.156792",F_748522_2969609,CY24_FY24
4,,absentee - owner elsewhere in Belmont,55 HILL RD UNIT 310,310,Condominium,OAK REALTY & SERVICE COMPANY LLC,LLC / corporate,4 HILL RD,BELMONT,MA,02478,,,,,YES,,,,,2015-10-23,1,nominal / non-arms-length transfer,11,66271,339,261000,0,261000,,Condo,1,1086,,7,39-55-310,102,Residential Condominium,,,42.396912,-71.156792,"https://maps.google.com/?q=42.396912,-71.156792",F_748522_2969609,CY24_FY24
4,,absentee - owner elsewhere in Belmont,55 HILL RD UNIT 311,311,Condominium,OAK REALTY & SERVICE COMPANY LLC,LLC / corporate,4 HILL RD,BELMONT,MA,02478,,,,,YES,,,,,2015-10-23,1,nominal / non-arms-length transfer,11,66271,339,261000,0,261000,,Condo,1,1086,,7,39-55-311,102,Residential Condominium,,,42.396912,-71.156792,"https://maps.google.com/?q=42.396912,-71.156792",F_748522_2969609,CY24_FY24
4,,absentee - owner elsewhere in Belmont,55 HILL RD UNIT 312,312,Condominium,OAK REALTY & SERVICE COMPANY LLC,LLC / corporate,4 HILL RD,BELMONT,MA,02478,,,,,YES,,,,,2015-10-23,1,nominal / non-arms-length transfer,11,66271,339,261000,0,261000,,Condo,1,1086,,7,39-55-312,102,Residential Condominium,,,42.396912,-71.156792,"https://maps.google.com/?q=42.396912,-71.156792",F_748522_2969609,CY24_FY24
4,,absentee - owner elsewhere in Belmont,55 HILL RD UNIT 401,401,Condominium,OAK REALTY & SERVICE COMPANY LLC,LLC / corporate,4 HILL RD,BELMONT,MA,02478,,,,,YES,,,,,2015-10-23,1,nominal / non-arms-length transfer,11,66271,339,261000,0,261000,,Condo,1,1086,,7,39-55-401,102,Residential Condominium,,,42.396912,-71.156792,"https://maps.google.com/?q=42.396912,-71.156792",F_748522_2969609,CY24_FY24
4,,absentee - owner elsewhere in Belmont,55 HILL RD UNIT 402,402,Condominium,OAK REALTY & SERVICE COMPANY LLC,LLC / corporate,4 HILL RD,BELMONT,MA,02478,,,,,YES,,,,,2015-10-23,1,nominal / non-arms-length transfer,11,66271,339,261000,0,261000,,Condo,1,1086,,7,39-55-402,102,Residential Condominium,,,42.396912,-71.156792,"https://maps.google.com/?q=42.396912,-71.156792",F_748522_2969609,CY24_FY24
4,,absentee - owner elsewhere in Belmont,55 HILL RD UNIT 403,403,Condominium,OAK REALTY & SERVICE COMPANY LLC,LLC / corporate,4 HILL RD,BELMONT,MA,02478,,,,,YES,,,,,2015-10-23,1,nominal / non-arms-length transfer,11,66271,339,261000,0,261000,,Condo,1,1086,,7,39-55-403,102,Residential Condominium,,,42.396912,-71.156792,"https://maps.google.com/?q=42.396912,-71.156792",F_748522_2969609,CY24_FY24
4,,absentee - owner elsewhere in Belmont,55 HILL RD UNIT 404,404,Condominium,OAK REALTY & SERVICE COMPANY LLC,LLC / corporate,4 HILL RD,BELMONT,MA,02478,,,,,YES,,,,,2015-10-23,1,nominal / non-arms-length transfer,11,66271,339,261000,0,261000,,Condo,1,1086,,7,39-55-404,102,Residential Condominium,,,42.396912,-71.156792,"https://maps.google.com/?q=42.396912,-71.156792",F_748522_2969609,CY24_FY24
4,,absentee - owner elsewhere in Belmont,55 HILL RD UNIT 405,405,Condominium,OAK REALTY & SERVICE COMPANY LLC,LLC / corporate,4 HILL RD,BELMONT,MA,02478,,,,,YES,,,,,2015-10-23,1,nominal / non-arms-length transfer,11,66271,339,253000,0,253000,,Condo,1,1010,,7,39-55-405,102,Residential Condominium,,,42.396912,-71.156792,"https://maps.google.com/?q=42.396912,-71.156792",F_748522_2969609,CY24_FY24
4,,absentee - owner elsewhere in Belmont,55 HILL RD UNIT 406,406,Condominium,OAK REALTY & SERVICE COMPANY LLC,LLC / corporate,4 HILL RD,BELMONT,MA,02478,,,,,YES,,,,,2015-10-23,1,nominal / non-arms-length transfer,11,66271,339,256000,0,256000,,Condo,1,1040,,7,39-55-406,102,Residential Condominium,,,42.396912,-71.156792,"https://maps.google.com/?q=42.396912,-71.156792",F_748522_2969609,CY24_FY24
4,,absentee - owner elsewhere in Belmont,55 HILL RD UNIT 407,407,Condominium,OAK REALTY & SERVICE COMPANY LLC,LLC / corporate,4 HILL RD,BELMONT,MA,02478,,,,,YES,,,,,2015-10-23,1,nominal / non-arms-length transfer,11,66271,339,208000,0,208000,,Condo,1,726,,7,39-55-407,102,Residential Condominium,,,42.396912,-71.156792,"https://maps.google.com/?q=42.396912,-71.156792",F_748522_2969609,CY24_FY24
4,,absentee - owner elsewhere in Belmont,55 HILL RD UNIT 408,408,Condominium,OAK REALTY & SERVICE COMPANY LLC,LLC / corporate,4 HILL RD,BELMONT,MA,02478,,,,,YES,,,,,2015-10-23,1,nominal / non-arms-length transfer,11,66271,339,201000,0,201000,,Condo,1,685,,7,39-55-408,102,Residential Condominium,,,42.396912,-71.156792,"https://maps.google.com/?q=42.396912,-71.156792",F_748522_2969609,CY24_FY24
4,,absentee - owner elsewhere in Belmont,55 HILL RD UNIT 409,409,Condominium,OAK REALTY & SERVICE COMPANY LLC,LLC / corporate,4 HILL RD,BELMONT,MA,02478,,,,,YES,,,,,2015-10-23,1,nominal / non-arms-length transfer,11,66271,339,261000,0,261000,,Condo,1,1086,,7,39-55-409,102,Residential Condominium,,,42.396912,-71.156792,"https://maps.google.com/?q=42.396912,-71.156792",F_748522_2969609,CY24_FY24
4,,absentee - owner elsewhere in Belmont,55 HILL RD UNIT 410,410,Condominium,OAK REALTY & SERVICE COMPANY LLC,LLC / corporate,4 HILL RD,BELMONT,MA,02478,,,,,YES,,,,,2015-10-23,1,nominal / non-arms-length transfer,11,66271,339,261000,0,261000,,Condo,1,1086,,7,39-55-410,102,Residential Condominium,,,42.396912,-71.156792,"https://maps.google.com/?q=42.396912,-71.156792",F_748522_2969609,CY24_FY24
4,,absentee - owner elsewhere in Belmont,55 HILL RD UNIT 411,411,Condominium,OAK REALTY & SERVICE COMPANY LLC,LLC / corporate,4 HILL RD,BELMONT,MA,02478,,,,,YES,,,,,2015-10-23,1,nominal / non-arms-length transfer,11,66271,339,261000,0,261000,,Condo,1,1086,,7,39-55-411,102,Residential Condominium,,,42.396912,-71.156792,"https://maps.google.com/?q=42.396912,-71.156792",F_748522_2969609,CY24_FY24
4,,absentee - owner elsewhere in Belmont,55 HILL RD UNIT 412,412,Condominium,OAK REALTY & SERVICE COMPANY LLC,LLC / corporate,4 HILL RD,BELMONT,MA,02478,,,,,YES,,,,,2015-10-23,1,nominal / non-arms-length transfer,11,66271,339,261000,0,261000,,Condo,1,1086,,7,39-55-412,102,Residential Condominium,,,42.396912,-71.156792,"https://maps.google.com/?q=42.396912,-71.156792",F_748522_2969609,CY24_FY24
4,,absentee - owner elsewhere in Belmont,55 HILL RD UNIT 501,501,Condominium,OAK REALTY & SERVICE COMPANY LLC,LLC / corporate,4 HILL RD,BELMONT,MA,02478,,,,,YES,,,,,2015-10-23,1,nominal / non-arms-length transfer,11,66271,339,261000,0,261000,,Condo,1,1086,,7,39-55-501,102,Residential Condominium,,,42.396912,-71.156792,"https://maps.google.com/?q=42.396912,-71.156792",F_748522_2969609,CY24_FY24
4,,absentee - owner elsewhere in Belmont,55 HILL RD UNIT 502,502,Condominium,OAK REALTY & SERVICE COMPANY LLC,LLC / corporate,4 HILL RD,BELMONT,MA,02478,,,,,YES,,,,,2015-10-23,1,nominal / non-arms-length transfer,11,66271,339,261000,0,261000,,Condo,1,1086,,7,39-55-502,102,Residential Condominium,,,42.396912,-71.156792,"https://maps.google.com/?q=42.396912,-71.156792",F_748522_2969609,CY24_FY24
4,,absentee - owner elsewhere in Belmont,55 HILL RD UNIT 503,503,Condominium,OAK REALTY & SERVICE COMPANY LLC,LLC / corporate,4 HILL RD,BELMONT,MA,02478,,,,,YES,,,,,2015-10-23,1,nominal / non-arms-length transfer,11,66271,339,261000,0,261000,,Condo,1,1086,,7,39-55-503,102,Residential Condominium,,,42.396912,-71.156792,"https://maps.google.com/?q=42.396912,-71.156792",F_748522_2969609,CY24_FY24
4,,absentee - owner elsewhere in Belmont,55 HILL RD UNIT 504,504,Condominium,OAK REALTY & SERVICE COMPANY LLC,LLC / corporate,4 HILL RD,BELMONT,MA,02478,,,,,YES,,,,,2015-10-23,1,nominal / non-arms-length transfer,11,66271,339,261000,0,261000,,Condo,1,1086,,7,39-55-504,102,Residential Condominium,,,42.396912,-71.156792,"https://maps.google.com/?q=42.396912,-71.156792",F_748522_2969609,CY24_FY24
4,,absentee - owner elsewhere in Belmont,55 HILL RD UNIT 505,505,Condominium,OAK REALTY & SERVICE COMPANY LLC,LLC / corporate,4 HILL RD,BELMONT,MA,02478,,,,,YES,,,,,2015-10-23,1,nominal / non-arms-length transfer,11,66271,339,253000,0,253000,,Condo,1,1010,,7,39-55-505,102,Residential Condominium,,,42.396912,-71.156792,"https://maps.google.com/?q=42.396912,-71.156792",F_748522_2969609,CY24_FY24
4,,absentee - owner elsewhere in Belmont,55 HILL RD UNIT 506,506,Condominium,OAK REALTY & SERVICE COMPANY LLC,LLC / corporate,4 HILL RD,BELMONT,MA,02478,,,,,YES,,,,,2015-10-23,1,nominal / non-arms-length transfer,11,66271,339,256000,0,256000,,Condo,1,1040,,7,39-55-506,102,Residential Condominium,,,42.396912,-71.156792,"https://maps.google.com/?q=42.396912,-71.156792",F_748522_2969609,CY24_FY24
4,,absentee - owner elsewhere in Belmont,55 HILL RD UNIT 507,507,Condominium,OAK REALTY & SERVICE COMPANY LLC,LLC / corporate,4 HILL RD,BELMONT,MA,02478,,,,,YES,,,,,2015-10-23,1,nominal / non-arms-length transfer,11,66271,339,208000,0,208000,,Condo,1,726,,7,39-55-507,102,Residential Condominium,,,42.396912,-71.156792,"https://maps.google.com/?q=42.396912,-71.156792",F_748522_2969609,CY24_FY24
4,,absentee - owner elsewhere in Belmont,55 HILL RD UNIT 508,508,Condominium,OAK REALTY & SERVICE COMPANY LLC,LLC / corporate,4 HILL RD,BELMONT,MA,02478,,,,,YES,,,,,2015-10-23,1,nominal / non-arms-length transfer,11,66271,339,201000,0,201000,,Condo,1,685,,7,39-55-508,102,Residential Condominium,,,42.396912,-71.156792,"https://maps.google.com/?q=42.396912,-71.156792",F_748522_2969609,CY24_FY24
4,,absentee - owner elsewhere in Belmont,55 HILL RD UNIT 509,509,Condominium,OAK REALTY & SERVICE COMPANY LLC,LLC / corporate,4 HILL RD,BELMONT,MA,02478,,,,,YES,,,,,2015-10-23,1,nominal / non-arms-length transfer,11,66271,339,261000,0,261000,,Condo,1,1086,,7,39-55-509,102,Residential Condominium,,,42.396912,-71.156792,"https://maps.google.com/?q=42.396912,-71.156792",F_748522_2969609,CY24_FY24
4,,absentee - owner elsewhere in Belmont,55 HILL RD UNIT 510,510,Condominium,OAK REALTY & SERVICE COMPANY LLC,LLC / corporate,4 HILL RD,BELMONT,MA,02478,,,,,YES,,,,,2015-10-23,1,nominal / non-arms-length transfer,11,66271,339,261000,0,261000,,Condo,1,1086,,7,39-55-510,102,Residential Condominium,,,42.396912,-71.156792,"https://maps.google.com/?q=42.396912,-71.156792",F_748522_2969609,CY24_FY24
4,,absentee - owner elsewhere in Belmont,55 HILL RD UNIT 511,511,Condominium,OAK REALTY & SERVICE COMPANY LLC,LLC / corporate,4 HILL RD,BELMONT,MA,02478,,,,,YES,,,,,2015-10-23,1,nominal / non-arms-length transfer,11,66271,339,261000,0,261000,,Condo,1,1086,,7,39-55-511,102,Residential Condominium,,,42.396912,-71.156792,"https://maps.google.com/?q=42.396912,-71.156792",F_748522_2969609,CY24_FY24
4,,absentee - owner elsewhere in Belmont,55 HILL RD UNIT 512,512,Condominium,OAK REALTY & SERVICE COMPANY LLC,LLC / corporate,4 HILL RD,BELMONT,MA,02478,,,,,YES,,,,,2015-10-23,1,nominal / non-arms-length transfer,11,66271,339,261000,0,261000,,Condo,1,1086,,7,39-55-512,102,Residential Condominium,,,42.396912,-71.156792,"https://maps.google.com/?q=42.396912,-71.156792",F_748522_2969609,CY24_FY24
4,,absentee - owner elsewhere in Belmont,55 HILL RD UNIT 601,601,Condominium,OAK REALTY & SERVICE COMPANY LLC,LLC / corporate,4 HILL RD,BELMONT,MA,02478,,,,,YES,,,,,2015-10-23,1,nominal / non-arms-length transfer,11,66271,339,261000,0,261000,,Condo,1,1086,,7,39-55-601,102,Residential Condominium,,,42.396912,-71.156792,"https://maps.google.com/?q=42.396912,-71.156792",F_748522_2969609,CY24_FY24
4,,absentee - owner elsewhere in Belmont,55 HILL RD UNIT 602,602,Condominium,OAK REALTY & SERVICE COMPANY LLC,LLC / corporate,4 HILL RD,BELMONT,MA,02478,,,,,YES,,,,,2015-10-23,1,nominal / non-arms-length transfer,11,66271,339,261000,0,261000,,Condo,1,1086,,7,39-55-602,102,Residential Condominium,,,42.396912,-71.156792,"https://maps.google.com/?q=42.396912,-71.156792",F_748522_2969609,CY24_FY24
4,,absentee - owner elsewhere in Belmont,55 HILL RD UNIT 603,603,Condominium,OAK REALTY & SERVICE COMPANY LLC,LLC / corporate,4 HILL RD,BELMONT,MA,02478,,,,,YES,,,,,2015-10-23,1,nominal / non-arms-length transfer,11,66271,339,261000,0,261000,,Condo,1,1086,,7,39-55-603,102,Residential Condominium,,,42.396912,-71.156792,"https://maps.google.com/?q=42.396912,-71.156792",F_748522_2969609,CY24_FY24
4,,absentee - owner elsewhere in Belmont,55 HILL RD UNIT 604,604,Condominium,OAK REALTY & SERVICE COMPANY LLC,LLC / corporate,4 HILL RD,BELMONT,MA,02478,,,,,YES,,,,,2015-10-23,1,nominal / non-arms-length transfer,11,66271,339,261000,0,261000,,Condo,1,1086,,7,39-55-604,102,Residential Condominium,,,42.396912,-71.156792,"https://maps.google.com/?q=42.396912,-71.156792",F_748522_2969609,CY24_FY24
4,,absentee - owner elsewhere in Belmont,55 HILL RD UNIT 605,605,Condominium,OAK REALTY & SERVICE COMPANY LLC,LLC / corporate,4 HILL RD,BELMONT,MA,02478,,,,,YES,,,,,2015-10-23,1,nominal / non-arms-length transfer,11,66271,339,253000,0,253000,,Condo,1,1010,,7,39-55-605,102,Residential Condominium,,,42.396912,-71.156792,"https://maps.google.com/?q=42.396912,-71.156792",F_748522_2969609,CY24_FY24
4,,absentee - owner elsewhere in Belmont,55 HILL RD UNIT 606,606,Condominium,OAK REALTY & SERVICE COMPANY LLC,LLC / corporate,4 HILL RD,BELMONT,MA,02478,,,,,YES,,,,,2015-10-23,1,nominal / non-arms-length transfer,11,66271,339,256000,0,256000,,Condo,1,1040,,7,39-55-606,102,Residential Condominium,,,42.396912,-71.156792,"https://maps.google.com/?q=42.396912,-71.156792",F_748522_2969609,CY24_FY24
4,,absentee - owner elsewhere in Belmont,55 HILL RD UNIT 607,607,Condominium,OAK REALTY & SERVICE COMPANY LLC,LLC / corporate,4 HILL RD,BELMONT,MA,02478,,,,,YES,,,,,2015-10-23,1,nominal / non-arms-length transfer,11,66271,339,208000,0,208000,,Condo,1,726,,7,39-55-607,102,Residential Condominium,,,42.396912,-71.156792,"https://maps.google.com/?q=42.396912,-71.156792",F_748522_2969609,CY24_FY24
4,,absentee - owner elsewhere in Belmont,55 HILL RD UNIT 608,608,Condominium,OAK REALTY & SERVICE COMPANY LLC,LLC / corporate,4 HILL RD,BELMONT,MA,02478,,,,,YES,,,,,2015-10-23,1,nominal / non-arms-length transfer,11,66271,339,201000,0,201000,,Condo,1,685,,7,39-55-608,102,Residential Condominium,,,42.396912,-71.156792,"https://maps.google.com/?q=42.396912,-71.156792",F_748522_2969609,CY24_FY24
4,,absentee - owner elsewhere in Belmont,55 HILL RD UNIT 609,609,Condominium,OAK REALTY & SERVICE COMPANY LLC,LLC / corporate,4 HILL RD,BELMONT,MA,02478,,,,,YES,,,,,2015-10-23,1,nominal / non-arms-length transfer,11,66271,339,261000,0,261000,,Condo,1,1086,,7,39-55-609,102,Residential Condominium,,,42.396912,-71.156792,"https://maps.google.com/?q=42.396912,-71.156792",F_748522_2969609,CY24_FY24
4,,absentee - owner elsewhere in Belmont,55 HILL RD UNIT 610,610,Condominium,OAK REALTY & SERVICE COMPANY LLC,LLC / corporate,4 HILL RD,BELMONT,MA,02478,,,,,YES,,,,,2015-10-23,1,nominal / non-arms-length transfer,11,66271,339,261000,0,261000,,Condo,1,1086,,7,39-55-610,102,Residential Condominium,,,42.396912,-71.156792,"https://maps.google.com/?q=42.396912,-71.156792",F_748522_2969609,CY24_FY24
4,,absentee - owner elsewhere in Belmont,55 HILL RD UNIT 611,611,Condominium,OAK REALTY & SERVICE COMPANY LLC,LLC / corporate,4 HILL RD,BELMONT,MA,02478,,,,,YES,,,,,2015-10-23,1,nominal / non-arms-length transfer,11,66271,339,261000,0,261000,,Condo,1,1086,,7,39-55-611,102,Residential Condominium,,,42.396912,-71.156792,"https://maps.google.com/?q=42.396912,-71.156792",F_748522_2969609,CY24_FY24
4,,absentee - owner elsewhere in Belmont,55 HILL RD UNIT 612,612,Condominium,OAK REALTY & SERVICE COMPANY LLC,LLC / corporate,4 HILL RD,BELMONT,MA,02478,,,,,YES,,,,,2015-10-23,1,nominal / non-arms-length transfer,11,66271,339,261000,0,261000,,Condo,1,1086,,7,39-55-612,102,Residential Condominium,,,42.396912,-71.156792,"https://maps.google.com/?q=42.396912,-71.156792",F_748522_2969609,CY24_FY24
4,,absentee - owner elsewhere in Belmont,55 HILL RD UNIT 701,701,Condominium,OAK REALTY & SERVICE COMPANY LLC,LLC / corporate,4 HILL RD,BELMONT,MA,02478,,,,,YES,,,,,2015-10-23,1,nominal / non-arms-length transfer,11,66271,339,261000,0,261000,,Condo,1,1086,,7,39-55-701,102,Residential Condominium,,,42.396912,-71.156792,"https://maps.google.com/?q=42.396912,-71.156792",F_748522_2969609,CY24_FY24
4,,absentee - owner elsewhere in Belmont,55 HILL RD UNIT 702,702,Condominium,OAK REALTY & SERVICE COMPANY LLC,LLC / corporate,4 HILL RD,BELMONT,MA,02478,,,,,YES,,,,,2015-10-23,1,nominal / non-arms-length transfer,11,66271,339,261000,0,261000,,Condo,1,1086,,7,39-55-702,102,Residential Condominium,,,42.396912,-71.156792,"https://maps.google.com/?q=42.396912,-71.156792",F_748522_2969609,CY24_FY24
4,,absentee - owner elsewhere in Belmont,55 HILL RD UNIT 703,703,Condominium,OAK REALTY & SERVICE COMPANY LLC,LLC / corporate,4 HILL RD,BELMONT,MA,02478,,,,,YES,,,,,2015-10-23,1,nominal / non-arms-length transfer,11,66271,339,261000,0,261000,,Condo,1,1086,,7,39-55-703,102,Residential Condominium,,,42.396912,-71.156792,"https://maps.google.com/?q=42.396912,-71.156792",F_748522_2969609,CY24_FY24
4,,absentee - owner elsewhere in Belmont,55 HILL RD UNIT 704,704,Condominium,OAK REALTY & SERVICE COMPANY LLC,LLC / corporate,4 HILL RD,BELMONT,MA,02478,,,,,YES,,,,,2015-10-23,1,nominal / non-arms-length transfer,11,66271,339,261000,0,261000,,Condo,1,1086,,7,39-55-704,102,Residential Condominium,,,42.396912,-71.156792,"https://maps.google.com/?q=42.396912,-71.156792",F_748522_2969609,CY24_FY24
4,,absentee - owner elsewhere in Belmont,55 HILL RD UNIT 705,705,Condominium,OAK REALTY & SERVICE COMPANY LLC,LLC / corporate,4 HILL RD,BELMONT,MA,02478,,,,,YES,,,,,2015-10-23,1,nominal / non-arms-length transfer,11,66271,339,319000,0,319000,,Condo,1,1736,,7,39-55-705,102,Residential Condominium,,,42.396912,-71.156792,"https://maps.google.com/?q=42.396912,-71.156792",F_748522_2969609,CY24_FY24
4,,absentee - owner elsewhere in Belmont,55 HILL RD UNIT 706,706,Condominium,OAK REALTY & SERVICE COMPANY LLC,LLC / corporate,4 HILL RD,BELMONT,MA,02478,,,,,YES,,,,,2015-10-23,1,nominal / non-arms-length transfer,11,66271,339,318000,0,318000,,Condo,1,1725,,7,39-55-706,102,Residential Condominium,,,42.396912,-71.156792,"https://maps.google.com/?q=42.396912,-71.156792",F_748522_2969609,CY24_FY24
4,,absentee - owner elsewhere in Belmont,55 HILL RD UNIT 707,707,Condominium,OAK REALTY & SERVICE COMPANY LLC,LLC / corporate,4 HILL RD,BELMONT,MA,02478,,,,,YES,,,,,2015-10-23,1,nominal / non-arms-length transfer,11,66271,339,261000,0,261000,,Condo,1,1086,,7,39-55-707,102,Residential Condominium,,,42.396912,-71.156792,"https://maps.google.com/?q=42.396912,-71.156792",F_748522_2969609,CY24_FY24
4,,absentee - owner elsewhere in Belmont,55 HILL RD UNIT 708,708,Condominium,OAK REALTY & SERVICE COMPANY LLC,LLC / corporate,4 HILL RD,BELMONT,MA,02478,,,,,YES,,,,,2015-10-23,1,nominal / non-arms-length transfer,11,66271,339,261000,0,261000,,Condo,1,1086,,7,39-55-708,102,Residential Condominium,,,42.396912,-71.156792,"https://maps.google.com/?q=42.396912,-71.156792",F_748522_2969609,CY24_FY24
4,,absentee - owner elsewhere in Belmont,55 HILL RD UNIT 709,709,Condominium,OAK REALTY & SERVICE COMPANY LLC,LLC / corporate,4 HILL RD,BELMONT,MA,02478,,,,,YES,,,,,2015-10-23,1,nominal / non-arms-length transfer,11,66271,339,261000,0,261000,,Condo,1,1086,,7,39-55-709,102,Residential Condominium,,,42.396912,-71.156792,"https://maps.google.com/?q=42.396912,-71.156792",F_748522_2969609,CY24_FY24
4,,absentee - owner elsewhere in Belmont,55 HILL RD UNIT 710,710,Condominium,OAK REALTY & SERVICE COMPANY LLC,LLC / corporate,4 HILL RD,BELMONT,MA,02478,,,,,YES,,,,,2015-10-23,1,nominal / non-arms-length transfer,11,66271,339,261000,0,261000,,Condo,1,1086,,7,39-55-710,102,Residential Condominium,,,42.396912,-71.156792,"https://maps.google.com/?q=42.396912,-71.156792",F_748522_2969609,CY24_FY24
4,,absentee - elsewhere in MA,57 BERWICK ST,,Three-family,55-57 BERWICK STREET LLC,LLC / corporate,87 GEORGE STREET,ARLINGTON,MA,02476,,,,,YES,,,,,1944-10-04,0,nominal / non-arms-length transfer,82,6736,248,1341000,941000,400000,1905,Old Style,3,3246,3750,7,1-134,105,Three-Family Residential,,,42.378322,-71.157978,"https://maps.google.com/?q=42.378322,-71.157978",F_748578_2963075,CY24_FY24
4,,absentee - elsewhere in MA,57 GROVE ST,,Three-family,57 GROVE STREET LLC,LLC / corporate,87 GEORGE STREET,ARLINGTON,MA,02476,,,,,YES,,,,,1985-10-07,0,nominal / non-arms-length transfer,41,16485,98,1198000,795000,403000,1900,Old Style,3,3876,3662,7,1-124,105,Three-Family Residential,,,42.378445,-71.158687,"https://maps.google.com/?q=42.378445,-71.158687",F_748387_2963119,CY24_FY24
4,,absentee - elsewhere in MA,58 UNITY AVE,,Two-family,DEFABRITIIS FAMILY LLC,LLC / corporate,127 WHITMAN RD,WALTHAM,MA,02453,,,,,YES,,,,,1983-10-17,135000,market sale,43,976,37,1282000,979000,301000,1923,Old Style,2,1960,4402,7,1-83,104,Two-Family Residential,,,42.377827,-71.15844,"https://maps.google.com/?q=42.377827,-71.15844",F_748454_2962894,CY24_FY24
4,,absentee - owner elsewhere in Belmont,58-64 POND ST UNIT 58,58,Condominium,OAK REALTY & SERVICE COMPANY LLC,LLC / corporate,4 HILL RD,BELMONT,MA,02478,,,,,YES,,,,,2015-10-23,1,nominal / non-arms-length transfer,11,66271,339,362000,0,362000,1963,Condo,1,1397,,7,39-8-58,102,Residential Condominium,,,42.398528,-71.157149,"https://maps.google.com/?q=42.398528,-71.157149",F_748772_2970436,CY24_FY24
4,,absentee - owner elsewhere in Belmont,58-64 POND ST UNIT 60,60,Condominium,OAK REALTY & SERVICE COMPANY LLC,LLC / corporate,4 HILL RD,BELMONT,MA,02478,,,,,YES,,,,,2015-10-23,1,nominal / non-arms-length transfer,11,66271,339,362000,0,362000,1963,Condo,1,1397,,7,39-8-60,102,Residential Condominium,,,42.398528,-71.157149,"https://maps.google.com/?q=42.398528,-71.157149",F_748772_2970436,CY24_FY24
4,,absentee - owner elsewhere in Belmont,58-64 POND ST UNIT 62,62,Condominium,OAK REALTY & SERVICE COMPANY LLC,LLC / corporate,4 HILL RD,BELMONT,MA,02478,,,,,YES,,,,,2015-10-23,1,nominal / non-arms-length transfer,11,66271,339,362000,0,362000,,Condo,1,1397,,7,39-8-62,102,Residential Condominium,,,42.398528,-71.157149,"https://maps.google.com/?q=42.398528,-71.157149",F_748772_2970436,CY24_FY24
4,,absentee - owner elsewhere in Belmont,58-64 POND ST UNIT 64,64,Condominium,OAK REALTY & SERVICE COMPANY LLC,LLC / corporate,4 HILL RD,BELMONT,MA,02478,,,,,YES,,,,,2015-10-23,1,nominal / non-arms-length transfer,11,66271,339,362000,0,362000,1963,Condo,1,1397,,7,39-8-64,102,Residential Condominium,,,42.398528,-71.157149,"https://maps.google.com/?q=42.398528,-71.157149",F_748772_2970436,CY24_FY24
4,,absentee - elsewhere in MA,59 BERWICK ST,,Three-family,59 BERWICK STREET LLC,LLC / corporate,87 GEORGE STREET,ARLINGTON,MA,02476,,,,,YES,,,,,1985-10-07,0,nominal / non-arms-length transfer,41,16485,98,1473000,1011000,462000,1910,Old Style,3,3520,5000,7,1-133,105,Three-Family Residential,,,42.378428,-71.157859,"https://maps.google.com/?q=42.378428,-71.157859",F_748610_2963114,CY24_FY24
4,,absentee - owner elsewhere in Belmont,6-8 POND ST UNIT 6,6,Condominium,OAK REALTY & SERVICE COMPANY LLC,LLC / corporate,4 HILL RD,BELMONT,MA,02478,,,,,YES,,,,,2015-10-23,1,nominal / non-arms-length transfer,11,66271,339,337000,0,337000,1964,Condo,1,1188,,7,39-1-6,102,Residential Condominium,,,42.397694,-71.159469,"https://maps.google.com/?q=42.397694,-71.159469",F_748137_2970125,CY24_FY24
4,,absentee - owner elsewhere in Belmont,6-8 POND ST UNIT 8,8,Condominium,OAK REALTY & SERVICE COMPANY LLC,LLC / corporate,4 HILL RD,BELMONT,MA,02478,,,,,YES,,,,,2015-10-23,1,nominal / non-arms-length transfer,11,66271,339,337000,0,337000,1964,Condo,1,1188,,7,39-1-8,102,Residential Condominium,,,42.397694,-71.159469,"https://maps.google.com/?q=42.397694,-71.159469",F_748137_2970125,CY24_FY24
4,,absentee - owner elsewhere in Belmont,60-62 PAYSON RD,,Two-family,KIMIFER PROPERTIES LLC,LLC / corporate,71 OLIVER ST,BELMONT,MA,02478,,,,,YES,,,,,2006-07-18,1,nominal / non-arms-length transfer,20,47820,508,1340000,910000,421000,1938,Old Style,2,2704,11179,7,6-161,104,Two-Family Residential,,,42.383211,-71.172534,"https://maps.google.com/?q=42.383211,-71.172534",F_744638_2964844,CY24_FY24
4,,absentee - owner elsewhere in Belmont,61-61A BURNHAM ST,,Two-family,BURNHAM STREET LLC,LLC / corporate,60 STONY BROOK RD,BELMONT,MA,02478,,,,,YES,,,,,2021-09-27,1,nominal / non-arms-length transfer,5,78786,30,140000,133000,7000,,Res/Comm,2,,2623,7,28-36,104,Two-Family Residential,,,42.384153,-71.192334,"https://maps.google.com/?q=42.384153,-71.192334",F_739293_2965165,CY24_FY24
4,,absentee - elsewhere in MA,62-64 UNITY AVE,,Two-family,DEFABRITIIS FAMILY LLC,LLC / corporate,127 WHITMAN RD,WALTHAM,MA,02453,,,,,YES,,,,,1983-10-17,135000,market sale,43,976,37,1433000,1042000,391000,1986,Colonial,2,2688,5634,7,1-84,104,Two-Family Residential,,,42.377895,-71.158639,"https://maps.google.com/?q=42.377895,-71.158639",F_748401_2962919,CY24_FY24
4,,absentee - elsewhere in MA,620-622 TRAPELO RD,,Two-family,TRAPELO INVESTMENTS LLC,LLC / corporate,37 WEBB ST,LEXINGTON,MA,02420,,,,,YES,,,,,1977-03-24,32500,market sale,49,13159,163,1161000,608000,553000,2014,Colonial,2,3485,4468,7,33-88,104,Two-Family Residential,,,42.389396,-71.194877,"https://maps.google.com/?q=42.389396,-71.194877",F_738595_2967074,CY24_FY24
4,,absentee - elsewhere in MA (PO Box),655 BELMONT ST,,Two-family,ERMENI LLC,LLC / corporate,PO BOX 205,WATERTOWN,MA,02471,,,,,YES,,,,,1947-05-12,0,nominal / non-arms-length transfer,79,7130,549,1116000,696000,412000,1924,Old Style,2,2896,6034,7,12-186,104,Two-Family Residential,,,42.380289,-71.178929,"https://maps.google.com/?q=42.380289,-71.178929",F_742915_2963769,CY24_FY24
4,,absentee - elsewhere in MA,66 CUSHING AVE,,Single family,66 CUSHING ROAD LLC,LLC / corporate,390 COMMONWEALTH AVE PH1,BOSTON,MA,02215,,,,,YES,,,,,1969-07-31,0,nominal / non-arms-length transfer,57,11716,749,1516000,936000,580000,1920,Colonial,1,2576,12467,10,6-223,101,Single Family Residential,,,42.382184,-71.172239,"https://maps.google.com/?q=42.382184,-71.172239",F_744717_2964464,CY24_FY24
4,,unknown - PO Box in Belmont,66-68 HAMILTON RD,,Two-family,66-68 HAMILTON ROAD LLC,LLC / corporate,PO BOX 175,BELMONT,MA,02478,,,,,YES,,,,,1996-03-04,1,nominal / non-arms-length transfer,30,1152,120,1122000,781000,340000,1961,Garrison,2,2832,6354,7,22-125,104,Two-Family Residential,,,42.39356,-71.159087,"https://maps.google.com/?q=42.39356,-71.159087",F_748257_2968626,CY24_FY24
4,,absentee - owner elsewhere in Belmont,66-72 POND ST UNIT 66,66,Condominium,OAK REALTY & SERVICE COMPANY LLC,LLC / corporate,4 HILL RD,BELMONT,MA,02478,,,,,YES,,,,,2015-10-23,1,nominal / non-arms-length transfer,11,66271,339,362000,0,362000,1963,Condo,1,1397,,7,39-9-66,102,Residential Condominium,,,42.398411,-71.156808,"https://maps.google.com/?q=42.398411,-71.156808",F_748864_2970394,CY24_FY24
4,,absentee - owner elsewhere in Belmont,66-72 POND ST UNIT 68,68,Condominium,OAK REALTY & SERVICE COMPANY LLC,LLC / corporate,4 HILL RD,BELMONT,MA,02478,,,,,YES,,,,,2015-10-23,1,nominal / non-arms-length transfer,11,66271,339,362000,0,362000,1963,Condo,1,1397,,7,39-9-68,102,Residential Condominium,,,42.398411,-71.156808,"https://maps.google.com/?q=42.398411,-71.156808",F_748864_2970394,CY24_FY24
4,,absentee - owner elsewhere in Belmont,66-72 POND ST UNIT 70,70,Condominium,OAK REALTY & SERVICE COMPANY LLC,LLC / corporate,4 HILL RD,BELMONT,MA,02478,,,,,YES,,,,,2015-10-23,1,nominal / non-arms-length transfer,11,66271,339,362000,0,362000,1963,Condo,1,1397,,7,39-9-70,102,Residential Condominium,,,42.398411,-71.156808,"https://maps.google.com/?q=42.398411,-71.156808",F_748864_2970394,CY24_FY24
4,,absentee - owner elsewhere in Belmont,66-72 POND ST UNIT 72,72,Condominium,OAK REALTY & SERVICE COMPANY LLC,LLC / corporate,4 HILL RD,BELMONT,MA,02478,,,,,YES,,,,,2015-10-23,1,nominal / non-arms-length transfer,11,66271,339,362000,0,362000,1963,Condo,1,1397,,7,39-9-72,102,Residential Condominium,,,42.398411,-71.156808,"https://maps.google.com/?q=42.398411,-71.156808",F_748864_2970394,CY24_FY24
4,,absentee - elsewhere in MA (PO Box),71-71A TROWBRIDGE ST,,Two-family,MYSTIC INVESTMENTS LLC,LLC / corporate,PO BOX 267,LEXINGTON,MA,02420,,,,,YES,,,,,1992-05-29,247500,market sale,34,22079,383,957000,770000,187000,1973,Old Style,2,2208,6000,7,22-44,104,Two-Family Residential,,,42.394219,-71.16048,"https://maps.google.com/?q=42.394219,-71.16048",F_747880_2968865,CY24_FY24
4,,absentee - owner elsewhere in Belmont,74-80 POND ST UNIT 74,74,Condominium,OAK REALTY & SERVICE COMPANY LLC,LLC / corporate,4 HILL RD,BELMONT,MA,02478,,,,,YES,,,,,2015-10-23,1,nominal / non-arms-length transfer,11,66271,339,365000,0,365000,1963,Condo,1,1430,,7,39-10-74,102,Residential Condominium,,,42.39825,-71.156479,"https://maps.google.com/?q=42.39825,-71.156479",F_748953_2970338,CY24_FY24
4,,absentee - owner elsewhere in Belmont,74-80 POND ST UNIT 76,76,Condominium,OAK REALTY & SERVICE COMPANY LLC,LLC / corporate,4 HILL RD,BELMONT,MA,02478,,,,,YES,,,,,2015-10-23,1,nominal / non-arms-length transfer,11,66271,339,365000,0,365000,1963,Condo,1,1430,,7,39-10-76,102,Residential Condominium,,,42.39825,-71.156479,"https://maps.google.com/?q=42.39825,-71.156479",F_748953_2970338,CY24_FY24
4,,absentee - owner elsewhere in Belmont,74-80 POND ST UNIT 78,78,Condominium,OAK REALTY & SERVICE COMPANY LLC,LLC / corporate,4 HILL RD,BELMONT,MA,02478,,,,,YES,,,,,2015-10-23,1,nominal / non-arms-length transfer,11,66271,339,365000,0,365000,1963,Condo,1,1430,,7,39-10-78,102,Residential Condominium,,,42.39825,-71.156479,"https://maps.google.com/?q=42.39825,-71.156479",F_748953_2970338,CY24_FY24
4,,absentee - owner elsewhere in Belmont,74-80 POND ST UNIT 80,80,Condominium,OAK REALTY & SERVICE COMPANY LLC,LLC / corporate,4 HILL RD,BELMONT,MA,02478,,,,,YES,,,,,2015-10-23,1,nominal / non-arms-length transfer,11,66271,339,365000,0,365000,1963,Condo,1,1430,,7,39-10-80,102,Residential Condominium,,,42.39825,-71.156479,"https://maps.google.com/?q=42.39825,-71.156479",F_748953_2970338,CY24_FY24
4,,absentee - elsewhere in MA (PO Box),75-77 GROVE ST,,Two-family,RPZ REALTY SERIES LLC,LLC / corporate,PO BOX 35309,BRIGHTON,MA,02135,,,,,YES,,,,,1987-02-02,205000,market sale,39,18730,517,1226000,872000,346000,1900,Old Style,2,2112,5313,7,1-119,104,Two-Family Residential,,,42.378991,-71.158449,"https://maps.google.com/?q=42.378991,-71.158449",F_748450_2963319,CY24_FY24
4,,absentee - elsewhere in MA (PO Box),77-79 FAIRVIEW AVE,,Two-family,RPZ REALTY LAND TRUST LLC TRS,LLC / corporate,PO BOX 35309,BRIGHTON,MA,02135,,,,YES,YES,,,,,2000-09-08,450000,market sale,26,31802,508,1201000,823000,367000,1954,Old Style,2,2572,4891,7,10-80,104,Two-Family Residential,,,42.379107,-71.160025,"https://maps.google.com/?q=42.379107,-71.160025",F_748029_2963358,CY24_FY24
4,,absentee - elsewhere in MA,79-81 HULL ST,,Two-family,79-81 HULL ST LLC,LLC / corporate,71 EDWIN RD,WALTHAM,MA,02453,,,,,YES,,,,,1956-11-14,17300,market sale,70,8854,194,1508000,707000,801000,1926,Old Style,2,3087,3360,7,15-46,104,Two-Family Residential,,,42.384548,-71.18599,"https://maps.google.com/?q=42.384548,-71.18599",F_741002_2965314,CY24_FY24
4,,absentee - owner elsewhere in Belmont,79-81 TRAPELO RD,,"Mixed use, mostly residential",LRBH ONE LLC,LLC / corporate,101 CHILTON ST,BELMONT,MA,02478,,,,,YES,,,,,2005-11-23,1,nominal / non-arms-length transfer,21,46535,237,1080000,614000,466000,1920,Res/Comm,1,2392,5661,4,5-122,013,"Mixed Use (Primarily Residential, some Commercial)",,,42.380408,-71.173702,"https://maps.google.com/?q=42.380408,-71.173702",F_744326_2963817,CY24_FY24
4,,absentee - elsewhere in MA,81-83 LEXINGTON ST,,Three-family,81-83 LEXINGTON STREET LLC,LLC / corporate,87 GEORGE STREET,ARLINGTON,MA,02476,,,,,YES,,,,,1985-09-20,0,nominal / non-arms-length transfer,41,16446,124,983000,607000,376000,1890,Old Style,3,2808,3484,7,28-81,105,Three-Family Residential,,,42.385306,-71.190555,"https://maps.google.com/?q=42.385306,-71.190555",F_739767_2965586,CY24_FY24
4,,absentee - elsewhere in MA,85 BEECH ST,,Three-family,BEECH DEPOT LLC,LLC / corporate,46 DEPOT ST,MILFORD,MA,01757,,,,,YES,,,,,1985-09-11,295000,market sale,41,16424,279,1102000,639000,463000,1910,Old Style,3,3492,3400,7,15-4,105,Three-Family Residential,,,42.384694,-71.18636,"https://maps.google.com/?q=42.384694,-71.18636",F_740901_2965367,CY24_FY24
4,,absentee - elsewhere in MA,87 GODEN ST,,Single family,87 GODEN STREET LLC,LLC / corporate,419 MOUNT AUBURN ST,WATERTOWN,MA,02472,,,,,YES,,,,,1973-09-21,0,nominal / non-arms-length transfer,53,12525,628,1414000,1075000,335000,1937,Old Style,1,1460,7473,10,18-185,101,Single Family Residential,,,42.390818,-71.169988,"https://maps.google.com/?q=42.390818,-71.169988",F_745312_2967617,CY24_FY24
4,,absentee - out of state,91 BEATRICE CIR,,Single family,COMPREHENSIVE LAND HOLDINGS LLC,LLC / corporate,2476 NORTH ESSEX AVE,HERNANDO,FL,34442,,,,,YES,,,,,2019-11-06,1400000,market sale,7,1551,124,1621000,862000,755000,1948,Ranch,1,2700,23463,8,51-36,101,Single Family Residential,,,42.409294,-71.176322,"https://maps.google.com/?q=42.409294,-71.176322",F_743579_2974342,CY24_FY24
3,,absentee - owner elsewhere in Belmont,10-12 CHESTER RD,,Two-family,10-12 CHESTER ROAD LLC,LLC / corporate,464 COMMON ST #282,BELMONT,MA,02478,,,,,YES,,,,,1967-10-02,29500,market sale,59,11403,619,1262000,832000,420000,1917,Old Style,2,3156,5130,7,6-125,104,Two-Family Residential,,,42.38352,-71.174789,"https://maps.google.com/?q=42.38352,-71.174789",F_744029_2964950,CY24_FY24
3,,absentee - elsewhere in MA,10-12 CHESTNUT ST,,Two-family,SAVE LLC,LLC / corporate,2 BLANCHARD RD,BURLINGTON,MA,01803,,,,,YES,,,,,2016-10-28,675000,market sale,10,1499,9,1296000,737000,559000,1916,Old Style,2,2418,3950,7,15-82,104,Two-Family Residential,,,42.382616,-71.18656,"https://maps.google.com/?q=42.382616,-71.18656",F_740850_2964610,CY24_FY24
3,,absentee - owner elsewhere in Belmont,104 FAIRVIEW AVE,,Two-family,104-106 FAIRVIEW AVE LLC,LLC / corporate,41 STULTS RD,BELMONT,MA,02478,,,,,YES,,,,,1989-11-28,0,nominal / non-arms-length transfer,37,20221,541,1219000,834000,385000,1923,Old Style,2,2718,4435,7,2-156,104,Two-Family Residential,,,42.378875,-71.163271,"https://maps.google.com/?q=42.378875,-71.163271",F_747147_2963270,CY24_FY24
3,,absentee - elsewhere in MA,112 BLANCHARD RD,,Single family,MAB COMMUNITY SERVICES INC,LLC / corporate,200 IVY ST,BROOKLINE,MA,02446,,,,,YES,,,,,2011-05-13,485000,market sale,15,56851,568,1101000,818000,283000,1954,Ranch,1,1320,7646,10,21-94,101,Single Family Residential,,,42.388964,-71.157587,"https://maps.google.com/?q=42.388964,-71.157587",F_748664_2966952,CY24_FY24
3,,absentee - owner elsewhere in Belmont,121 OLIVER RD,,Single family,121 OLIVER ROAD REALTY LLC,LLC / corporate,94 LONGMEADOW RD,BELMONT,MA,02478,,,,,YES,,,,,1954-11-26,1,nominal / non-arms-length transfer,72,8365,355,3072000,1052000,2019000,2022,Colonial,1,2509,13512,10,41-44,101,Single Family Residential,,,42.4015,-71.158231,"https://maps.google.com/?q=42.4015,-71.158231",F_748475_2971510,CY24_FY24
3,,absentee - owner elsewhere in Belmont,123 BELMONT ST,,Two-family,121-123 BELMONT STREET LLC,LLC / corporate,29 UNDERWOOD ST,BELMONT,MA,02478,,,,,YES,,,,,1928-10-30,1,nominal / non-arms-length transfer,98,5293,229,1075000,803000,272000,1899,Old Style,2,2950,3819,13,1-16-B,104,Two-Family Residential,,,42.375432,-71.155094,"https://maps.google.com/?q=42.375432,-71.155094",F_749362_2962024,CY24_FY24
3,,unknown - PO Box in Belmont,125 TRAPELO RD UNIT 11,11,Condominium,EPIC REALTY GROUP LLC,LLC / corporate,PO BOX 79153,WAVERLY,MA,02479,,,,,YES,,,,,2019-09-17,1,nominal / non-arms-length transfer,7,155,119,336000,0,336000,1963,Condo,1,748,,4,12-131-11,102,Residential Condominium,,,42.381311,-71.175665,"https://maps.google.com/?q=42.381311,-71.175665",F_743795_2964145,CY24_FY24
3,,absentee - owner elsewhere in Belmont,16-18 BAKER ST,,Two-family,16-18 BAKER STREET LLC,LLC / corporate,27 SANDRICK RD,BELMONT,MA,02478,,,,,YES,,,,,1985-09-05,0,nominal / non-arms-length transfer,41,16412,358,1056000,763000,293000,1928,Old Style,2,2732,5800,7,22-66,104,Two-Family Residential,,,42.392123,-71.160525,"https://maps.google.com/?q=42.392123,-71.160525",F_747867_2968102,CY24_FY24
3,,absentee - owner elsewhere in Belmont,20 FAIRVIEW AVE,,Two-family,18-20 FAIRVIEW AVENUE LLC,LLC / corporate,87 GEORGE STREET,ARLINGTON,MA,02478,,,,,YES,,,,,1986-10-30,218000,market sale,40,17537,533,1305000,1100000,196000,1917,Old Style,2,1920,7000,7,1-147,104,Two-Family Residential,,,42.378866,-71.156774,"https://maps.google.com/?q=42.378866,-71.156774",F_748901_2963273,CY24_FY24
3,,absentee - owner elsewhere in Belmont,20-22 BAKER ST,,Two-family,2022 BAKER STREET BELMONT LLC,LLC / corporate,80 MUNROE ST,BELMONT,MA,02478,,,,,YES,,,,,1977-09-08,0,nominal / non-arms-length transfer,49,13281,461,1085000,763000,322000,1880,Old Style,2,2927,5800,7,22-67,104,Two-Family Residential,,,42.392262,-71.160493,"https://maps.google.com/?q=42.392262,-71.160493",F_747877_2968153,CY24_FY24
3,,absentee - elsewhere in MA,20-22 PAYSON RD,,Two-family,RHMB LLC,LLC / corporate,106 SIMON WILLARD RD,CONCORD,MA,01742,,,,,YES,,,,,1999-05-14,200000,market sale,27,30167,101,1412000,925000,487000,1920,Old Style,2,2444,11898,7,6-167,104,Two-Family Residential,,,42.382848,-71.174302,"https://maps.google.com/?q=42.382848,-71.174302",F_744161_2964709,CY24_FY24
3,,absentee - elsewhere in MA,201-201A BEECH ST,,Two-family,BEECHSTREETGETAWAY LLC,LLC / corporate,15 BRENT RD,LEXINGTON,MA,02420,,,,,YES,,,,,2022-09-19,900000,market sale,4,1594,70,863000,673000,190000,1955,Old Style,2,1872,4208,7,26-81,104,Two-Family Residential,,,42.387396,-71.181815,"https://maps.google.com/?q=42.387396,-71.181815",F_742124_2966358,CY24_FY24
3,,absentee - elsewhere in MA (PO Box),21-23 SELWYN RD,,Two-family,MYSTIC INVESTMENTS LLC,LLC / corporate,PO BOX 267,LEXINGTON,MA,02420,,,,,YES,,,,,2017-05-24,1010000,market sale,9,69328,121,1415000,913000,493000,1925,Old Style,2,2631,5975,10,7-65,104,Two-Family Residential,,,42.384988,-71.16915,"https://maps.google.com/?q=42.384988,-71.16915",F_745551_2965493,CY24_FY24
3,,absentee - elsewhere in MA,225 BELMONT ST UNIT 2,2,Condominium,FARABICA LLC,LLC / corporate,82 WENDELL AVE SUITE 100,PITTSFIELD,MA,01201,,,,,YES,,,,,2016-09-27,381987,market sale,10,68088,196,582000,0,582000,1908,Condo,1,1377,,7,2-60-2,102,Residential Condominium,,,42.376911,-71.160401,"https://maps.google.com/?q=42.376911,-71.160401",F_747926_2962559,CY24_FY24
3,,absentee - owner elsewhere in Belmont,227-229 BEECH ST,,Two-family,227-229 BEECH STREET LLC,LLC / corporate,43 GLENDALE ROAD,BELMONT,MA,02478,,,,,YES,,,,,1995-11-21,257200,market sale,31,1148,154,1146000,740000,400000,1922,Old Style,2,3329,6143,7,26-74,104,Two-Family Residential,,,42.388131,-71.181043,"https://maps.google.com/?q=42.388131,-71.181043",F_742330_2966628,CY24_FY24
3,,absentee - elsewhere in MA,243-245 BEECH ST,,Two-family,SAMLEX LLC,LLC / corporate,665 LOWELL ST UNIT 55,LEXINGTON,MA,02420,,,,,YES,,,,,1997-05-01,300000,market sale,29,1170,148,1052000,730000,311000,1927,Old Style,2,2444,5824,7,26-70,104,Two-Family Residential,,,42.388571,-71.18064,"https://maps.google.com/?q=42.388571,-71.18064",F_742441_2966787,CY24_FY24
3,,absentee - elsewhere in MA,25 LANTERN RD,,Single family,25 LANTERN ROAD LLC,LLC / corporate,18 SUSAN DR,READING,MA,01867,,,,,YES,,,,,2022-10-28,1320000,market sale,4,1595,157,1260000,1030000,230000,1957,Ranch,1,1768,21800,8,74-32,101,Single Family Residential,,,42.412075,-71.192486,"https://maps.google.com/?q=42.412075,-71.192486",F_739213_2975339,CY24_FY24
3,,unknown - PO Box in Belmont,25-27 CHANDLER ST,,Apartments (4-8 units),25-27 CHANDLER STREET LLC,LLC / corporate,PO BOX 175,BELMONT,MA,02478,,,,,YES,,,,,1998-10-21,1,nominal / non-arms-length transfer,28,29250,29,1224000,865000,359000,1890,Old Style,4,3194,7500,7,28-76,111,Apartments with Four to Eight Units,,,42.385183,-71.191586,"https://maps.google.com/?q=42.385183,-71.191586",F_739489_2965540,CY24_FY24
3,,absentee - owner elsewhere in Belmont,29-31 SHEAN RD,,Two-family,BELCP LLC,LLC / corporate,56 JUNIPER RD,BELMONT,MA,02478,,,,,YES,,,,,1989-10-13,160000,market sale,37,20136,119,1261000,859000,394000,1950,Colonial,2,2236,7298,7,30-40,104,Two-Family Residential,,,42.391742,-71.179572,"https://maps.google.com/?q=42.391742,-71.179572",F_742722_2967948,CY24_FY24
3,,absentee - elsewhere in MA,30 DUNBARTON RD,,Single family,30 DUNBARTON ROAD LLC,LLC / corporate,831 BEACON ST,NEWTON,MA,02459,,,,,YES,,,,,2023-11-21,1357500,market sale,3,82239,578,1378000,1200000,178000,1967,Garrison,1,2436,7610,10,31-31,101,Single Family Residential,,,42.394134,-71.177805,"https://maps.google.com/?q=42.394134,-71.177805",F_743199_2968818,CY24_FY24
3,,absentee - elsewhere in MA,30 SPRINGFIELD ST,,Two-family,30-32 SPRINGFIELD STREET LLC,LLC / corporate,64 OXFORD ST,WINCHESTER,MA,01890,,,,,YES,,,,,1997-05-22,325000,market sale,29,1171,144,1411000,985000,417000,1924,Old Style,2,2628,4500,7,2-93,104,Two-Family Residential,,,42.377998,-71.161471,"https://maps.google.com/?q=42.377998,-71.161471",F_747636_2962953,CY24_FY24
3,,absentee - elsewhere in MA,32-34 CHESTNUT ST,,Two-family,SAVE LLC,LLC / corporate,2 BLANCHARD RD,BURLINGTON,MA,01803,,,,,YES,,,,,2014-10-29,645000,market sale,12,1462,36,1359000,737000,619000,1921,Old Style,2,2605,3950,7,15-85,104,Two-Family Residential,,,42.382758,-71.186043,"https://maps.google.com/?q=42.382758,-71.186043",F_740990_2964662,CY24_FY24
3,,absentee - owner elsewhere in Belmont,321 CHANNING RD,,Single family,F&M INVESTMENT ENTERPRISES LLC,LLC / corporate,44 EVERGREEN WAY,BELMONT,MA,02478,,,,,YES,,,,,1982-11-15,0,nominal / non-arms-length transfer,44,14788,577,915000,700000,215000,1983,Garrison,1,2038,10172,10,38-48-B,101,Single Family Residential,,,42.396299,-71.160492,"https://maps.google.com/?q=42.396299,-71.160492",F_747873_2969623,CY24_FY24
3,,absentee - elsewhere in MA,34 COOLIDGE RD,,Single family,34 COOLIDGE ROAD LLC,LLC / corporate,831 BEACON ST,NEWTON,MA,02459,,,,,YES,,,,,1997-11-25,320100,market sale,29,27910,587,1333000,885000,442000,1930,Garrison,1,1950,8219,10,42-42,101,Single Family Residential,,,42.399989,-71.164578,"https://maps.google.com/?q=42.399989,-71.164578",F_746763_2970971,CY24_FY24
3,,absentee - owner elsewhere in Belmont,35-37 CARLETON RD,,Two-family,CREATIVE PROPERTIES ON CARLETON LLC,LLC / corporate,56 JUNIPER RD,BELMONT,MA,02478,,,,,YES,,,,,1977-07-01,70000,market sale,49,13227,243,1509000,874000,624000,1920,Old Style,2,3209,6217,7,6-19,104,Two-Family Residential,,,42.384922,-71.172405,"https://maps.google.com/?q=42.384922,-71.172405",F_744671_2965465,CY24_FY24
3,,owner-occupied (tax bill goes to the property),35-37 CLARENDON RD,,Two-family,APM REALTY TRUST,LLC / corporate,37 CLARENDON RD,BELMONT,MA,02478,,,,YES,YES,,,,,2006-03-08,1,nominal / non-arms-length transfer,20,47078,535,1311000,931000,369000,1920,Old Style,2,2546,5268,7,10-51,104,Two-Family Residential,,,42.380907,-71.162044,"https://maps.google.com/?q=42.380907,-71.162044",F_747477_2964012,CY24_FY24
3,,absentee - elsewhere in MA,36-38 FRANCIS ST,,Two-family,RAMOL PARTNERS LLC,LLC / corporate,397 ELIOT ST,NEWTON,MA,02464,,,,,YES,,,,,2022-10-07,886000,market sale,4,1595,16,869000,739000,128000,1926,Old Style,2,2332,4000,7,26-181,104,Two-Family Residential,,,42.386742,-71.181972,"https://maps.google.com/?q=42.386742,-71.181972",F_742087_2966119,CY24_FY24
3,,absentee - elsewhere in MA,37-39 WORCESTER ST,,Two-family,37-39 WORCESTER LLC,LLC / corporate,160 TOWER RD,LINCOLN,MA,01773,,,,,YES,,,,,2012-11-30,569000,market sale,14,1427,66,1412000,1001000,411000,1924,Old Style,2,2580,4800,7,2-104,104,Two-Family Residential,,,42.378165,-71.161757,"https://maps.google.com/?q=42.378165,-71.161757",F_747554_2963014,CY24_FY24
3,,absentee - elsewhere in MA,378 BRIGHTON ST,,Single family,MAB COMMUNITY SERVICES INC,LLC / corporate,200 IVY ST,BROOKLINE,MA,02446,,,,,YES,,,,,2010-10-19,630000,market sale,16,55618,394,1340000,804000,536000,1964,Ranch,1,2446,13687,9,46-21,101,Single Family Residential,,,42.405853,-71.167577,"https://maps.google.com/?q=42.405853,-71.167577",F_745939_2973092,CY24_FY24
3,,unknown - PO Box in Belmont,40-42 LEXINGTON ST,,Two-family,40-42 LEXINGTON STREET LLC,LLC / corporate,PO BOX 175,BELMONT,MA,02478,,,,,YES,,,,,2002-10-05,1,nominal / non-arms-length transfer,24,36612,380,833000,526000,306000,1890,Old Style,2,1916,1975,7,28-138,104,Two-Family Residential,,,42.386766,-71.190861,"https://maps.google.com/?q=42.386766,-71.190861",F_739682_2966118,CY24_FY24
3,,absentee - owner elsewhere in Belmont,41 CARLETON RD,,Two-family,BELCP LLC,LLC / corporate,56 JUNIPER RD,BELMONT,MA,02478,,,,,YES,,,,,1987-07-01,310000,market sale,39,18282,195,1429000,865000,550000,1922,Old Style,2,3355,5980,7,6-20,104,Two-Family Residential,,,42.385058,-71.172442,"https://maps.google.com/?q=42.385058,-71.172442",F_744661_2965515,CY24_FY24
3,,unknown - PO Box in Belmont,43 WHITE ST,,"Mixed use, mostly commercial",41-43 WHITE STREET LLC,LLC / corporate,PO BOX 175,BELMONT,MA,02478,,,,,YES,,,,,2000-09-07,1,nominal / non-arms-length transfer,26,31795,446,1936000,1184000,752000,1900,Res/Comm,7,10595,25522,4,32-18,031,"Mixed Use (Primarily Commercial, some Residential)",,,42.388072,-71.189066,"https://maps.google.com/?q=42.388072,-71.189066",F_740173_2966587,CY24_FY24
3,,absentee - elsewhere in MA (PO Box),44 FAIRVIEW AVE,,Two-family,RPZ REALTY SERIES LLC,LLC / corporate,PO BOX 35309,BRIGHTON,MA,02135,,,,,YES,,,,,1998-06-25,320000,market sale,28,28751,363,1438000,1057000,371000,1924,Old Style,2,2112,5982,7,1-117,104,Two-Family Residential,,,42.378958,-71.15807,"https://maps.google.com/?q=42.378958,-71.15807",F_748550_2963307,CY24_FY24
3,,absentee - elsewhere in MA,45 WELLESLEY RD,,Single family,45 WELLESLEY ROAD LLC,LLC / corporate,103 HEMENWAY ST SUITE B2,BOSTON,MA,02115,,,,,YES,,,,,2002-06-26,1100000,market sale,24,1254,43,2132000,1020000,1112000,1951,Garrison,1,2859,21003,8,53-105,101,Single Family Residential,,,42.408577,-71.185073,"https://maps.google.com/?q=42.408577,-71.185073",F_741217_2974073,CY24_FY24
3,,absentee - elsewhere in MA,47-49 LESLIE RD,,Two-family,47-49 LESLIE ROAD BELMONT LLC,LLC / corporate,133 TEMPLETON PARKWAY,WATERTOWN,MA,02472,,,,,YES,,,,,2021-06-03,1305000,market sale,5,77927,319,1246000,797000,449000,1925,Old Style,2,3018,5408,7,26-85,104,Two-Family Residential,,,42.38726,-71.181388,"https://maps.google.com/?q=42.38726,-71.181388",F_742243_2966306,CY24_FY24
3,,unknown - PO Box in Belmont,49-51 DREW RD,,Two-family,49-51 DREW ROAD LLC,LLC / corporate,PO BOX 175,BELMONT,MA,02478,,,,,YES,,,,,2004-03-08,1,nominal / non-arms-length transfer,22,42194,159,1046000,731000,307000,1924,Old Style,2,2365,3825,7,26-62,104,Two-Family Residential,,,42.38847,-71.179106,"https://maps.google.com/?q=42.38847,-71.179106",F_742856_2966751,CY24_FY24
3,,absentee - owner elsewhere in Belmont,49-51 WAVERLEY ST,,Two-family,DLORA LLC,LLC / corporate,225 PROSPECT ST,BELMONT,MA,02478,,,,,YES,,,,,1987-10-05,23500,market sale,39,18592,182,1129000,752000,369000,1945,Old Style,2,1950,6526,7,27-71,104,Two-Family Residential,,,42.387337,-71.186137,"https://maps.google.com/?q=42.387337,-71.186137",F_740958_2966332,CY24_FY24
3,,absentee - owner elsewhere in Belmont,5-7 CLAFLIN ST,,Two-family,5-7 CLAFLIN REALTY TRUST,LLC / corporate,375 CONCORD AVE SUITE 2,BELMONT,MA,02478,,,,YES,YES,,,,,2004-05-04,680000,market sale,22,42699,69,1156000,717000,438000,1930,Old Style,2,2831,6807,4,34-141,104,Two-Family Residential,,,42.396922,-71.174948,"https://maps.google.com/?q=42.396922,-71.174948",F_743968_2969835,CY24_FY24
3,,owner-occupied (tax bill goes to the property),5-7 HAWTHORNE ST UNIT 2,2,Condominium,KOSUI REALTY TRUST,LLC / corporate,5-7 HAWTHORNE U2,BELMONT,MA,02478,,,,YES,YES,,,,,2012-11-17,1,nominal / non-arms-length transfer,14,60509,452,588000,0,588000,1978,Condo,1,1372,,7,27-50-2,102,Residential Condominium,,,42.38652,-71.18603,"https://maps.google.com/?q=42.38652,-71.18603",F_740985_2966030,CY24_FY24
3,,absentee - elsewhere in MA (PO Box),51 DAVIS RD,,Single family,RPZ REALTY SERIES LLC,LLC / corporate,PO BOX 35309,BRIGHTON,MA,02135,,,,,YES,,,,,2006-06-28,410000,market sale,20,1322,55,977000,766000,211000,1953,Ranch,1,1137,4633,7,27-13,101,Single Family Residential,,,42.387175,-71.183066,"https://maps.google.com/?q=42.387175,-71.183066",F_741784_2966278,CY24_FY24
3,,absentee - elsewhere in MA,57 BURNHAM ST,,Two-family,57-59 BURNHAM STREET LLC,LLC / corporate,166 CIRCLE DR,WALTHAM,MA,02452,,,,,YES,,,,,2023-05-11,1175000,market sale,3,81523,249,1126000,764000,347000,1900,Old Style,2,2278,4572,7,28-37,104,Two-Family Residential,,,42.384064,-71.19217,"https://maps.google.com/?q=42.384064,-71.19217",F_739337_2965129,CY24_FY24
3,,absentee - owner elsewhere in Belmont,59-61 MAPLE ST,,Two-family,KJG LLC,LLC / corporate,5 JONATHAN ST,BELMONT,MA,02478,,,,,YES,,,,,1996-11-20,245000,market sale,30,1164,81,1137000,783000,343000,1915,Old Style,2,2134,5034,7,15-49,104,Two-Family Residential,,,42.383732,-71.185641,"https://maps.google.com/?q=42.383732,-71.185641",F_741096_2965020,CY24_FY24
3,,unknown - PO Box in Belmont,60 OXFORD AVE,,Two-family,HYE REALTY LLC,LLC / corporate,P O BOX 82,BELMONT,MA,02478,,,,,YES,,,,,2009-06-26,10,nominal / non-arms-length transfer,17,53074,531,1366000,1011000,346000,1914,Old Style,2,2340,5000,7,1-184,104,Two-Family Residential,,,42.377875,-71.155811,"https://maps.google.com/?q=42.377875,-71.155811",F_749166_2962914,CY24_FY24
3,,absentee - owner elsewhere in Belmont,60 TRAPELO RD,,Multiple houses on one parcel,WINTERS COMPANY P R,LLC / corporate,84 TRAPELO RD,BELMONT,MA,02478,,,,,YES,,,,,1961-03-13,0,nominal / non-arms-length transfer,65,9783,147,1443000,945000,498000,1930,Old Style,1,1395,12951,4,5-160,109,Multiple Houses on one parcel,,,42.379708,-71.173996,"https://maps.google.com/?q=42.379708,-71.173996",F_744249_2963563,CY24_FY24
3,,absentee - elsewhere in MA,628 TRAPELO RD,,"Mixed use, mostly residential",TRAPELO INVESTMENTS LLC,LLC / corporate,37 WEBB ST,LEXINGTON,MA,02420,,,,,YES,,,,,2011-06-24,405000,market sale,15,57038,31,1632000,818000,814000,1890,Res/Comm,2,4798,6011,7,33-89,013,"Mixed Use (Primarily Residential, some Commercial)",,,42.389467,-71.195067,"https://maps.google.com/?q=42.389467,-71.195067",F_738544_2967100,CY24_FY24
3,,absentee - elsewhere in MA,65-67 LEXINGTON ST,,Two-family,SPE 229 LLC,LLC / corporate,82 WENDELL AVE STE 100,PITTSFIELD,MA,01201,,,,,YES,,,,,2023-10-02,1100000,market sale,3,1607,83,1077000,740000,329000,1925,Old Style,2,2614,7720,7,28-84,104,Two-Family Residential,,,42.385703,-71.190854,"https://maps.google.com/?q=42.385703,-71.190854",F_739686_2965731,CY24_FY24
3,,absentee - elsewhere in MA,68 LONGMEADOW RD,,Single family,68 LONGMEADOW ROAD REALTY LLC,LLC / corporate,50 EVERETT AVENUE,WATERTOWN,MA,02472,,,,,YES,,,,,2021-09-07,1350000,market sale,5,1578,154,3309000,1053000,2256000,1969,Contemporary,1,4196,23913,8,73-54,101,Single Family Residential,,,42.410292,-71.190741,"https://maps.google.com/?q=42.410292,-71.190741",F_739677_2974688,CY24_FY24
3,,absentee - elsewhere in MA (PO Box),69 CHESTER RD,,Two-family,69 CHESTER ROAD LLC,LLC / corporate,P O BOX 790,WINCHESTER,MA,01890,,,,,YES,,,,,2012-09-17,660000,market sale,14,60019,538,1380000,831000,540000,1918,Old Style,2,2962,5083,7,6-144,104,Two-Family Residential,,,42.383765,-71.17163,"https://maps.google.com/?q=42.383765,-71.17163",F_744883_2965041,CY24_FY24
3,,absentee - owner elsewhere in Belmont,7 HILL RD UNIT 7,7,Condominium,OAK REALTY & SERVICE COMPANY LLC,LLC / corporate,4 HILL RD,BELMONT,MA,02478,,,,,YES,,,YES,,2015-10-23,1,nominal / non-arms-length transfer,11,66271,339,258000,0,258000,1963,Condo,1,1390,,7,39-26-7,102,Residential Condominium,,,42.396817,-71.158324,"https://maps.google.com/?q=42.396817,-71.158324",F_748458_2969815,CY24_FY24
3,,absentee - owner elsewhere in Belmont,70 JUNIPER RD,,Single family,BELCP LLC,LLC / corporate,56 JUNIPER ROAD,BELMONT,MA,02478,,,,,YES,,,,,1987-10-01,680000,market sale,39,1036,2,1956000,1252000,704000,1963,Garrison,1,2945,15007,8,56-7,101,Single Family Residential,,,42.401985,-71.181903,"https://maps.google.com/?q=42.401985,-71.181903",F_742073_2971673,CY24_FY24
3,,absentee - owner elsewhere in Belmont,70 WHITE ST UNIT 1,1,Condominium,LUNA PROPERTIES LLC,LLC / corporate,136 FLETCHER RD,BELMONT,MA,02478,,,,,YES,,,,,1947-10-17,8500,market sale,79,7203,1206,754000,0,754000,1880,Condo,1,1587,,4,27-128-1,102,Residential Condominium,,,42.386821,-71.188462,"https://maps.google.com/?q=42.386821,-71.188462",F_740333_2966140,CY24_FY24
3,,absentee - owner elsewhere in Belmont,78 OLIVER RD,,Single family,LSK ENTERPRISES LLC,LLC / corporate,22 HOUGH RD,BELMONT,MA,02478,,,,,YES,,,,,1983-10-03,139000,market sale,43,15246,313,1416000,842000,573000,1941,Colonial,1,2020,6746,10,41-90,101,Single Family Residential,,,42.401393,-71.160353,"https://maps.google.com/?q=42.401393,-71.160353",F_747905_2971481,CY24_FY24
3,,absentee - elsewhere in MA,8 ST JAMES COURT,,Single family,ST JAMES COURT LLC,LLC / corporate,590 MAIN ST SUITE 500,WATERTOWN,MA,02472,,,,,YES,,,,,2011-07-25,2200000,market sale,15,57193,375,4128000,1275000,2853000,2020,Colonial,1,5532,30919,8,65-5-A,101,Single Family Residential,,,42.401991,-71.193653,"https://maps.google.com/?q=42.401991,-71.193653",F_738896_2971661,CY24_FY24
3,,absentee - elsewhere in MA,81 MARSH ST,,Single family,81 MARSH STREET LLC,LLC / corporate,33 RUMFORD AVE,WALTHAM,MA,02453,,,,,YES,,,,,2023-09-27,1550000,market sale,3,1607,41,1670000,1014000,647000,1965,Cape Cod,1,2488,20520,8,72-4,101,Single Family Residential,,,42.406986,-71.185327,"https://maps.google.com/?q=42.406986,-71.185327",F_741145_2973493,CY24_FY24
3,,unknown - PO Box in Belmont,83 BEECH ST,,Three-family,83 BEECH STREET LLC,LLC / corporate,PO BOX 175,BELMONT,MA,02478,,,,,YES,,,,,1998-10-21,1,nominal / non-arms-length transfer,28,29249,597,1023000,639000,384000,1910,Old Style,3,3600,3400,7,15-5,105,Three-Family Residential,,,42.38465,-71.186515,"https://maps.google.com/?q=42.38465,-71.186515",F_740860_2965352,CY24_FY24
3,,owner-occupied (tax bill goes to the property),84 GROVE ST UNIT 84,84,Condominium,MARGARET I FAULK REALTY TRUST,LLC / corporate,84 GROVE ST,BELMONT,MA,02478,,,,YES,YES,,,,,2011-09-29,1,nominal / non-arms-length transfer,15,57539,534,638000,0,636000,1928,Condo,1,1591,,7,10-119-84,102,Residential Condominium,,,42.379927,-71.158288,"https://maps.google.com/?q=42.379927,-71.158288",F_748491_2963660,CY24_FY24
3,,absentee - owner elsewhere in Belmont,88-90 LEONARD ST,,"Mixed use, mostly residential",84 LEONARD STREET LLC,LLC / corporate,84 LEONARD ST,BELMONT,MA,02478,,,,,YES,,,YES,,2017-03-30,1,nominal / non-arms-length transfer,9,1505,146,2837000,1373000,1464000,1962,Res/Comm,1,9001,5616,4,34-170,013,"Mixed Use (Primarily Residential, some Commercial)",,,42.398354,-71.174881,"https://maps.google.com/?q=42.398354,-71.174881",F_743984_2970355,CY24_FY24
3,,absentee - owner elsewhere in Belmont,9 HILL RD UNIT 9,9,Condominium,OAK REALTY & SERVICE COMPANY LLC,LLC / corporate,4 HILL RD,BELMONT,MA,02478,,,,,YES,,,YES,,2015-10-23,1,nominal / non-arms-length transfer,11,66271,339,258000,0,258000,1963,Condo,1,1390,,7,39-26-9,102,Residential Condominium,,,42.396817,-71.158324,"https://maps.google.com/?q=42.396817,-71.158324",F_748458_2969815,CY24_FY24
3,,absentee - owner elsewhere in Belmont,9 INDIAN HILL RD,,Single family,VETRANBROS LLC,LLC / corporate,71 OLIVER RD,BELMONT,MA,02478,,,,,YES,,,,,1969-11-25,0,nominal / non-arms-length transfer,57,11770,544,1510000,880000,621000,1930,Colonial,1,2538,5167,10,4-69,101,Single Family Residential,,,42.379935,-71.169033,"https://maps.google.com/?q=42.379935,-71.169033",F_745590_2963651,CY24_FY24
3,,absentee - elsewhere in MA,9 ST JAMES COURT,,Single family,ST JAMES COURT LLC,LLC / corporate,590 MAIN STREET SUITE 500,WATERTOWN,MA,02472,,,,,YES,,,,,2014-06-20,2500000,market sale,12,63784,504,2527000,1232000,1295000,2022,Contemporary,1,6830,26957,8,65-4-A,101,Single Family Residential,,,42.401592,-71.193086,"https://maps.google.com/?q=42.401592,-71.193086",F_739058_2971507,CY24_FY24
3,,absentee - owner elsewhere in Belmont,9-11 WINSLOW RD,,Two-family,KENMORE PARTNERS LLC,LLC / corporate,36 KENMORE RD,BELMONT,MA,02478,,,,,YES,,,,,1959-09-03,26500,market sale,67,9451,289,1220000,795000,418000,1925,Old Style,2,2418,5357,7,12-47,104,Two-Family Residential,,,42.382928,-71.178019,"https://maps.google.com/?q=42.382928,-71.178019",F_743158_2964732,CY24_FY24
2,,absentee - owner elsewhere in Belmont,1-3 OAK AVE,,Two-family,1-3 OAK AVENUE LLC,LLC / corporate,464 COMMON ST MAILBOX 282,BELMONT,MA,02478,,,,,YES,,,,,2021-11-15,1050000,market sale,5,79140,317,1196000,696000,488000,1906,Old Style,2,3219,4801,10,5-71,104,Two-Family Residential,,,42.379277,-71.171524,"https://maps.google.com/?q=42.379277,-71.171524",F_744918_2963408,CY24_FY24
2,,absentee - owner elsewhere in Belmont,11 DALTON RD UNIT 2,2,Condominium,DLORA LLC,LLC / corporate,225 PROSPECT ST,BELMONT,MA,02478,,,,,YES,,,,,2007-05-31,640000,market sale,19,49534,376,709000,0,709000,1929,Condo,1,2008,,7,10-96-2,102,Residential Condominium,,,42.379347,-71.160555,"https://maps.google.com/?q=42.379347,-71.160555",F_747883_2963445,CY24_FY24
2,,owner-occupied (tax bill goes to the property),11 DUNBARTON RD,,Single family,BENNETT REALTY TRUST,LLC / corporate,11 DUNBARTON RD,BELMONT,MA,02478,,,,YES,YES,,,,,1988-12-08,132000,market sale,38,19518,552,1923000,1260000,653000,1931,Colonial,1,2678,9272,10,31-24,101,Single Family Residential,,,42.394777,-71.177261,"https://maps.google.com/?q=42.394777,-71.177261",F_743346_2969051,CY24_FY24
2,,absentee - owner elsewhere in Belmont,12 DEAN ST,,Single family,BELMONT AJH PROPERTIES LLC,LLC / corporate,109 WELLESLEY RD,BELMONT,MA,02478,,,,,YES,,,,,1997-07-31,365000,market sale,29,27530,573,1415000,857000,549000,1935,Garrison,1,2058,7247,10,43-48,101,Single Family Residential,,,42.400041,-71.170881,"https://maps.google.com/?q=42.400041,-71.170881",F_745059_2970988,CY24_FY24
2,,absentee - owner elsewhere in Belmont,12 WINN ST,,Single family,MASTRANGELO AND SONS LLC,LLC / corporate,30 HOWELLS RD,BELMONT,MA,02478,,,,,YES,,,,,2020-11-05,1320000,market sale,6,76092,167,1430000,833000,597000,1929,Colonial,1,1956,6477,10,43-15,101,Single Family Residential,,,42.400158,-71.172377,"https://maps.google.com/?q=42.400158,-71.172377",F_744649_2971027,CY24_FY24
2,,absentee - owner elsewhere in Belmont,14-16 COLBY ST,,Two-family,BELCP LLC,LLC / corporate,56 JUNIPER RD,BELMONT,MA,02478,,,,,YES,,,,,2007-09-28,500000,market sale,19,50169,405,1059000,716000,335000,1928,Old Style,2,2508,4500,7,22-149,104,Two-Family Residential,,,42.392404,-71.158574,"https://maps.google.com/?q=42.392404,-71.158574",F_748394_2968207,CY24_FY24
2,,absentee - owner elsewhere in Belmont,152-154 TRAPELO RD,,Two-family,152 AND 154 TRAPELO ROAD LLC,LLC / corporate,165 CLIFTON ST,BELMONT,MA,02478,,,,,YES,,,,,1998-07-29,442000,market sale,28,28896,376,1176000,729000,438000,1929,Old Style,2,3470,7242,7,12-217,104,Two-Family Residential,,,42.381059,-71.176825,"https://maps.google.com/?q=42.381059,-71.176825",F_743482_2964051,CY24_FY24
2,,owner-occupied (tax bill goes to the property),229 WHITE ST,,Two-family,STRAHL COOPER REALTY TRUST,LLC / corporate,229 WHITE ST,BELMONT,MA,02478,,,,YES,YES,,,,,1995-09-01,23433,market sale,31,25628,129,1054000,630000,424000,1910,Old Style,2,3430,4050,7,15-152,104,Two-Family Residential,,,42.38109,-71.187457,"https://maps.google.com/?q=42.38109,-71.187457",F_740608_2964053,CY24_FY24
2,,owner-occupied (tax bill goes to the property),23 DREW RD UNIT 23,23,Condominium,OOBIZ LLC,LLC / corporate,23 DREW RD,BELMONT,MA,02478,,,,,YES,,,,,2003-09-25,1,nominal / non-arms-length transfer,23,41003,113,679000,0,679000,1924,Condo,1,1080,,7,26-66-23,102,Residential Condominium,,,42.388842,-71.179696,"https://maps.google.com/?q=42.388842,-71.179696",F_742699_2966884,CY24_FY24
2,,absentee - owner elsewhere in Belmont,27-29 CRESCENT RD,,Two-family,DLORA LLC,LLC / corporate,225 PROSPECT ST,BELMONT,MA,02478,,,,,YES,,,,,2010-12-20,475000,market sale,16,56107,200,1369000,931000,429000,1954,Old Style,2,2482,5271,7,10-125,104,Two-Family Residential,,,42.380077,-71.15862,"https://maps.google.com/?q=42.380077,-71.15862",F_748398_2963715,CY24_FY24
2,,absentee - owner elsewhere in Belmont,307-309 BEECH ST,,Two-family,307 BEECH STREET LLC,LLC / corporate,80 MONROE ST,BELMONT,MA,02478,,,,,YES,,,,,2018-09-28,1100000,market sale,8,71680,129,1319000,798000,510000,1922,Old Style,2,2981,8296,7,25-131,104,Two-Family Residential,,,42.39017,-71.178721,"https://maps.google.com/?q=42.39017,-71.178721",F_742957_2967375,CY24_FY24
2,,absentee - owner elsewhere in Belmont,31 MARSH ST,,Single family,31 MARSH STREET LLC,LLC / corporate,350 PROSPECT ST,BELMONT,MA,02478,,,,,YES,,,,,1998-11-20,375000,market sale,28,1196,190,2893000,1215000,1678000,1998,Colonial,1,3665,25491,8,53-125-A,101,Single Family Residential,,,42.407566,-71.182514,"https://maps.google.com/?q=42.407566,-71.182514",F_741916_2973727,CY24_FY24
2,,absentee - owner elsewhere in Belmont,315 MILL ST,,Single family,CHENES LLC,LLC / corporate,872 CONCORD AVE,BELMONT,MA,02478,,,,,YES,,,,,2018-06-26,645000,market sale,8,71212,9,899000,763000,136000,1941,Cape Cod,1,950,12613,8,59-7,101,Single Family Residential,,,42.401207,-71.194604,"https://maps.google.com/?q=42.401207,-71.194604",F_738665_2971382,CY24_FY24
2,,absentee - owner elsewhere in Belmont,41-47 THAYER RD,,Apartments (4-8 units),THAYER PROPERTY LLC,LLC / corporate,86 ELM ST,BELMONT,MA,02478,,,,,YES,,,,,2020-11-10,875000,market sale,6,76129,36,1188000,667000,521000,1960,Colonial,4,3192,6480,7,33-5,111,Apartments with Four to Eight Units,,,42.386518,-71.192999,"https://maps.google.com/?q=42.386518,-71.192999",F_739106_2966025,CY24_FY24
2,,owner-occupied (tax bill goes to the property),44-46 GILBERT RD,,Two-family,GORACH REALTY TRUST,LLC / corporate,46 GILBERT RD,BELMONT,MA,02478,,,,YES,YES,,,,,1989-07-06,0,nominal / non-arms-length transfer,37,19924,160,1074000,787000,279000,1925,Old Style,2,2420,5159,7,12-86,104,Two-Family Residential,,,42.3837,-71.179493,"https://maps.google.com/?q=42.3837,-71.179493",F_742755_2965012,CY24_FY24
2,,owner-occupied (tax bill goes to the property),5-7 HAWTHORNE ST UNIT 1,1,Condominium,KOSUI REALTY TRUST,LLC / corporate,5-7 HAWTHORNE ST U1,BELMONT,MA,02478,,,,YES,YES,,,,,1979-09-21,102000,market sale,47,13794,693,589000,0,589000,1978,Condo,1,1344,,7,27-50-1,102,Residential Condominium,,,42.38652,-71.18603,"https://maps.google.com/?q=42.38652,-71.18603",F_740985_2966030,CY24_FY24
2,,absentee - owner elsewhere in Belmont,55 DALTON RD,,Two-family,DELORA LLC,LLC / corporate,225 PROSPECT ST,BELMONT,MA,02478,,,,,YES,,,,,2021-10-22,1250000,market sale,5,78969,322,1217000,1004000,203000,1928,Old Style,2,2933,7121,7,10-137,104,Two-Family Residential,,,42.380976,-71.160248,"https://maps.google.com/?q=42.380976,-71.160248",F_747960_2964040,CY24_FY24
2,,owner-occupied (tax bill goes to the property),57 CHESTER RD,,Two-family,MCIVER TRS ARLENE AND CAMBRIDGE TRUST COMPANY,LLC / corporate,57 CHESTER RD,BELMONT,MA,02478,,,,YES,YES,,,,,1964-03-02,32000,market sale,62,10474,48,1317000,832000,477000,1916,Old Style,2,3118,5118,7,6-141,104,Two-Family Residential,,,42.383649,-71.172233,"https://maps.google.com/?q=42.383649,-71.172233",F_744720_2964998,CY24_FY24
2,,unknown - PO Box in Belmont,606-608 TRAPELO RD,,Two-family,SCIRETTA FAMILY LLC,LLC / corporate,PO BOX 35,BELMONT,MA,02478,,,,,YES,,,,,1987-10-29,240000,market sale,39,18651,468,1548000,635000,913000,2018,Old Style,2,3138,5332,7,33-85,104,Two-Family Residential,,,42.389178,-71.194279,"https://maps.google.com/?q=42.389178,-71.194279",F_738757_2966994,CY24_FY24
2,,owner-occupied (tax bill goes to the property),61-63 SLADE ST,,Two-family,RANJIT REALTY TRUST,LLC / corporate,63 SLADE ST,BELMONT,MA,02478,,,,YES,YES,,,,,1981-07-01,137500,market sale,45,14337,126,1320000,779000,536000,1925,Old Style,2,2902,4948,7,12-98,104,Two-Family Residential,,,42.384507,-71.179768,"https://maps.google.com/?q=42.384507,-71.179768",F_742680_2965306,CY24_FY24
2,,owner-occupied (tax bill goes to the property),65 CLARK ST,,Single family,65 CLARK REAL ESTATE LLC,LLC / corporate,65 CLARK ST,BELMONT,MA,02478,,,,,YES,,,,,2013-10-31,1,nominal / non-arms-length transfer,13,62868,394,4212000,1485000,2727000,1924,Colonial,1,5222,27285,10,31-33,101,Single Family Residential,,,42.393669,-71.178024,"https://maps.google.com/?q=42.393669,-71.178024",F_743137_2968658,CY24_FY24
2,,absentee - owner elsewhere in Belmont,72-74 GILBERT RD,,Two-family,72 AND 74 GILBERT ROAD LLC,LLC / corporate,165 CLIFTON ST,BELMONT,MA,02478,,,,,YES,,,,,2000-09-13,482000,market sale,26,31816,79,1248000,787000,453000,1925,Old Style,3,3360,5161,7,12-93,104,Two-Family Residential,,,42.384685,-71.179354,"https://maps.google.com/?q=42.384685,-71.179354",F_742790_2965372,CY24_FY24
2,,absentee - owner elsewhere in Belmont,76 CHESTER RD,,Two-family,BELCP LLC,LLC / corporate,56 JUNIPER RD,BELMONT,MA,02478,,,,,YES,,,,,2012-11-01,700000,market sale,14,60397,584,1705000,955000,740000,1920,Old Style,2,3830,8889,7,6-8,104,Two-Family Residential,,,42.384347,-71.171131,"https://maps.google.com/?q=42.384347,-71.171131",F_745016_2965258,CY24_FY24
2,,absentee - owner elsewhere in Belmont,85-87 LEWIS RD,,Two-family,85-87 LEWIS ROAD LLC,LLC / corporate,92 PAYSON RD,BELMONT,MA,02478,,,,,YES,,,,,2008-05-30,695000,market sale,18,51242,389,1424000,956000,459000,1924,Old Style,2,2912,5850,7,3-31,104,Two-Family Residential,,,42.379452,-71.164031,"https://maps.google.com/?q=42.379452,-71.164031",F_746941_2963480,CY24_FY24
2,,owner-occupied (tax bill goes to the property),88-90 OAKLEY RD,,Two-family,CAH OAKLEY ROAD LLC,LLC / corporate,88-90 OAKLEY RD,BELMONT,MA,02478,,,,,YES,,,,,2023-11-29,1,nominal / non-arms-length transfer,3,82256,242,1289000,859000,419000,1924,Old Style,2,3055,7146,10,5-15,104,Two-Family Residential,,,42.381164,-71.170122,"https://maps.google.com/?q=42.381164,-71.170122",F_745292_2964098,CY24_FY24
2,,absentee - owner elsewhere in Belmont,9 DALTON RD UNIT 1,1,Condominium,DLORA LLC,LLC / corporate,225 PROSPECT ST,BELMONT,MA,02478,,,,,YES,,,,,2007-05-31,640000,market sale,19,49534,376,584000,0,579000,1929,Condo,1,1339,,7,10-96-1,102,Residential Condominium,,,42.379347,-71.160555,"https://maps.google.com/?q=42.379347,-71.160555",F_747883_2963445,CY24_FY24
2,,owner-occupied (tax bill goes to the property),94 SPRING VALLEY RD,,Single family,ANGEL-LEON LLC,LLC / corporate,94 SPRING VALLEY RD,BELMONT,MA,02478,,,,,YES,,,,,2009-12-31,1,nominal / non-arms-length transfer,17,1379,56,1607000,1021000,586000,1961,Ranch,1,2650,21092,8,73-35,101,Single Family Residential,,,42.409728,-71.193605,"https://maps.google.com/?q=42.409728,-71.193605",F_738910_2974476,CY24_FY24
2,,absentee - owner elsewhere in Belmont,96 COUNTRY CLUB LN,,Single family,DLORA LLC,LLC / corporate,225 PROSPECT ST,BELMONT,MA,02478,,,,,YES,,,,,2014-09-12,1480000,market sale,12,1459,133,2284000,892000,1392000,1937,Colonial,1,3431,12294,8,69-34,101,Single Family Residential,,,42.407802,-71.196728,"https://maps.google.com/?q=42.407802,-71.196728",F_738072_2973776,CY24_FY24
2,,absentee - owner elsewhere in Belmont,98 SYCAMORE ST UNIT 98A,98A,Condominium,AMH REALTY LLC,LLC / corporate,30 CLAIREMONT RD,BELMONT,MA,02478,,,,,YES,,,,,2008-10-14,296000,market sale,18,51783,561,619000,0,619000,1895,Condo,1,1123,,7,28-86-98A,102,Residential Condominium,,,42.385573,-71.191359,"https://maps.google.com/?q=42.385573,-71.191359",F_739550_2965683,CY24_FY24
1,,unknown - PO Box in Belmont,125 TRAPELO RD UNIT 21 UNIT 21,21,Condominium,EPIC REALTY GROUP LLC,LLC / corporate,PO BOX 79213,WAVERLY,MA,02479,,,,,YES,,,,,2007-11-29,186000,market sale,19,102,54,215000,0,215000,1963,Condo,1,510,,4,12-131-21,102,Residential Condominium,,,42.381311,-71.175665,"https://maps.google.com/?q=42.381311,-71.175665",F_743795_2964145,CY24_FY24
1,,unknown - PO Box in Belmont,13 UNDERWOOD ST,,Two-family,13 UNDERWOOD STREET LLC,LLC / corporate,PO BOX 175,BELMONT,MA,02478,,,,,YES,,,,,2012-10-22,349000,market sale,14,60304,65,702000,594000,108000,1920,Old Style,2,1572,3248,7,22-14,104,Two-Family Residential,,,42.392626,-71.161908,"https://maps.google.com/?q=42.392626,-71.161908",F_747490_2968283,CY24_FY24
1,,unknown - PO Box in Belmont,220 LEXINGTON ST,,Two-family,BELMONT WILD ACRE LLC,LLC / corporate,PO BOX 35,BELMONT,MA,02478,,,,,YES,,,,,2014-10-15,800000,market sale,12,64370,393,1329000,754000,575000,1910,Colonial,2,4143,8302,7,15-175-A,104,Two-Family Residential,,,42.380886,-71.188856,"https://maps.google.com/?q=42.380886,-71.188856",F_740236_2963980,CY24_FY24
1,,unknown - PO Box in Belmont,35 TRAPELO RD,,Two-family,35 TRAPELO ROAD LLC,LLC / corporate,PO BOX 368,BELMONT,MA,02478,,,,,YES,,,,,1997-07-30,280000,market sale,29,27526,409,1299000,793000,495000,1917,Colonial,2,2895,8071,10,5-72,104,Two-Family Residential,,,42.379098,-71.171479,"https://maps.google.com/?q=42.379098,-71.171479",F_744931_2963343,CY24_FY24
1,,absentee - owner elsewhere in Belmont,431 TRAPELO RD,,"Mixed use, mostly residential",RPSA ACADIA REALTY LLC,LLC / corporate,425 TRAPELO RD,BELMONT,MA,02478,,,,,YES,,,YES,,2013-09-27,695000,market sale,13,62706,342,1129000,701000,420000,1876,Old Style,1,3032,6220,7,27-80,013,"Mixed Use (Primarily Residential, some Commercial)",,,42.386853,-71.186718,"https://maps.google.com/?q=42.386853,-71.186718",F_740801_2966151,CY24_FY24
1,,owner-occupied (tax bill goes to the property),462 TRAPELO RD,,"Mixed use, mostly residential",458-462 TRAPELO ROAD LLC,LLC / corporate,462 TRAPELO ROAD,BELMONT,MA,02478,,,,,YES,,,,,1989-11-09,0,nominal / non-arms-length transfer,37,20190,551,1542000,822000,706000,1910,Res/Comm,1,3278,5665,4,27-133,013,"Mixed Use (Primarily Residential, some Commercial)",,,42.386886,-71.188186,"https://maps.google.com/?q=42.386886,-71.188186",F_740410_2966165,CY24_FY24
1,,owner-occupied (tax bill goes to the property),483 PLEASANT ST UNIT 2,2,Condominium,ACONCAGUA CORP,LLC / corporate,483 PLEASANT ST U2,BELMONT,MA,02478,,,,,YES,,,,,1987-10-02,452500,market sale,39,18591,228,1519000,0,1519000,1987,Condo,1,2280,,9,47-94-2,102,Residential Condominium,,,42.401401,-71.172482,"https://maps.google.com/?q=42.401401,-71.172482",F_744630_2971486,CY24_FY24
0,,owner-occupied (tax bill goes to the property),161 BELMONT ST,,"Mixed use, mostly residential",SAI ENCLAVE LLC,LLC / corporate,161 BELMONT ST,BELMONT,MA,02478,,,,,YES,,,,,2019-05-17,1050000,market sale,7,72622,161,1175000,979000,196000,1904,Old Style,1,1844,4400,13,1-40,013,"Mixed Use (Primarily Residential, some Commercial)",,,42.375883,-71.156689,"https://maps.google.com/?q=42.375883,-71.156689",F_748930_2962186,CY24_FY24
0,,owner-occupied (tax bill goes to the property),17-19 FREDERICK ST,,Two-family,ITU ENTERPRISES LLC,LLC / corporate,17 FREDERICK ST,BELMONT,MA,02478,,,,,YES,,,,,2013-11-22,780000,market sale,13,1445,94,1393000,761000,632000,1925,Old Style,2,3035,4500,7,13-147,104,Two-Family Residential,,,42.381267,-71.18464,"https://maps.google.com/?q=42.381267,-71.18464",F_741370_2964120,CY24_FY24
0,,owner-occupied (tax bill goes to the property),36 HILLCREST RD,,Single family,36 HILLCREST ROAD LLC,LLC / corporate,36 HILLCREST RD,BELMONT,MA,02478,,,,,YES,,,,,2023-03-08,3150000,market sale,3,81310,354,3239000,1452000,1787000,1913,Colonial,1,5559,16314,10,18-85,101,Single Family Residential,,,42.388509,-71.172983,"https://maps.google.com/?q=42.388509,-71.172983",F_744511_2966775,CY24_FY24
0,,owner-occupied (other unit number of same building),42 WHITE ST UNIT 42,42,Condominium,GRANT BELMONT PROPERTIES LLC,LLC / corporate,44 WHITE ST,BELMONT,MA,02478,,,,,YES,,,,,2001-09-06,490000,market sale,25,33603,393,495000,0,495000,1925,Condo,1,1393,,7,27-107-42,102,Residential Condominium,,,42.388072,-71.188449,"https://maps.google.com/?q=42.388072,-71.188449",F_740330_2966596,CY24_FY24
0,,owner-occupied (tax bill goes to the property),70-72 SYCAMORE ST,,Single family,LEXINGTON SYCAMORE LLC,LLC / corporate,70-72 SYCAMORE ST,BELMONT,MA,02478,,,,,YES,,,,,2021-10-29,999000,market sale,5,79026,589,3071000,812000,2249000,1890,Old Style,1,5064,11154,7,28-171,101,Single Family Residential,,,42.385813,-71.190266,"https://maps.google.com/?q=42.385813,-71.190266",F_739846_2965776,CY24_FY24
0,,owner-occupied (tax bill goes to the property),71 ORCHARD ST,,Single family,71 ORCHARD LLC,LLC / corporate,71 ORCHARD ST,BELMONT,MA,02478,,,,,YES,,,,,2023-11-08,1200000,market sale,3,1608,113,1542000,1137000,401000,1890,Colonial,1,2030,6142,10,23-75,101,Single Family Residential,,,42.39111,-71.168759,"https://maps.google.com/?q=42.39111,-71.168759",F_745636_2967718,CY24_FY24
0,,owner-occupied (tax bill goes to the property),81-85 CONCORD AVE,,"Mixed use, mostly residential",81-85 CONCORD AVENUE LLC,LLC / corporate,83 CONCORD AVE UNIT 2,BELMONT,MA,02478,,,,,YES,,,,,2014-07-14,1700000,market sale,12,63904,321,2643000,1333000,1310000,1907,Res/Comm,1,1505,10661,13,22-63,013,"Mixed Use (Primarily Residential, some Commercial)",,,42.391852,-71.161021,"https://maps.google.com/?q=42.391852,-71.161021",F_747735_2967999,CY24_FY24
